case:concept:name,transition,flag_time,lead_days,late
4500005587_00001,Create Purchase Order Item -> Change Price,2018-01-10 10:31:26.749317390+00:00,173.04840726387184,True
4500012306_00001,Create Purchase Order Item -> Change Price,2018-01-12 20:55:50.022382971+00:00,24.269097455851366,False
4500002187_00001,Record Goods Receipt -> Record Goods Receipt,2018-01-16 13:41:33.753907974+00:00,29.864806663869736,False
4500007691_00001,Create Purchase Order Item -> Change Price,2018-01-18 19:57:58.432674692+00:00,51.42744956845998,False
4500010835_00001,Create Purchase Order Item -> Change Price,2018-01-20 06:54:30.706267570+00:00,26.439997852785105,False
4500005471_00001,Create Purchase Order Item -> Record Goods Receipt,2018-01-22 07:32:23.169581288+00:00,18.922447056132317,False
4500002648_00001,Create Purchase Order Item -> Record Goods Receipt,2018-01-22 15:18:58.459230101+00:00,30.928827982097747,False
4500017533_00001,Create Purchase Order Item -> Record Goods Receipt,2018-01-22 17:51:24.507314883+00:00,26.584228142975427,False
4500014118_00001,Create Purchase Order Item -> Record Goods Receipt,2018-01-23 09:16:51.606793145+00:00,100.66448896231825,True
4500000042_00001,Create Purchase Order Item -> Record Goods Receipt,2018-01-23 17:11:59.187670848+00:00,58.62892425568047,True
4500008822_00001,Create Purchase Order Item -> Record Goods Receipt,2018-01-24 09:35:43.884394359+00:00,32.1277159523758,False
4500008007_00001,Create Purchase Order Item -> Record Goods Receipt,2018-01-24 15:48:59.276040594+00:00,79.24313972921115,True
4500000041_00001,Create Purchase Order Item -> Record Goods Receipt,2018-01-25 04:59:07.492251369+00:00,62.64423723344119,True
4500000360_00001,Create Purchase Order Item -> Record Goods Receipt,2018-01-25 11:52:20.259247172+00:00,44.641360979628644,False
4500002855_00001,Create Purchase Order Item -> Record Goods Receipt,2018-01-26 00:33:31.007116858+00:00,18.762499156612236,False
4500006645_00001,Create Purchase Order Item -> Record Goods Receipt,2018-01-27 03:38:25.669502899+00:00,125.75084946853016,True
4500011892_00001,Create Purchase Order Item -> Record Goods Receipt,2018-01-27 08:50:42.000606737+00:00,75.59949420512011,True
4500004629_00001,Create Purchase Order Item -> Record Goods Receipt,2018-01-27 10:07:39.532622949+00:00,61.09265905306073,True
4500013364_00001,Create Purchase Order Item -> Record Goods Receipt,2018-01-27 13:50:34.015560437+00:00,23.929440092220695,False
4500007633_00001,Change Price -> Record Goods Receipt,2018-01-27 18:22:17.660134672+00:00,43.41784373524377,False
4500005464_00001,Create Purchase Order Item -> Record Goods Receipt,2018-01-27 23:24:24.277127487+00:00,24.623419197534062,False
4500012820_00001,Create Purchase Order Item -> Record Goods Receipt,2018-01-28 05:39:16.018505400+00:00,57.7572701181635,True
4500000338_00001,Create Purchase Order Item -> Change Price,2018-01-28 09:03:01.297211258+00:00,69.16013569653764,False
4500000740_00001,Record Invoice Receipt -> Set Payment Block,2018-01-28 19:50:39.947411918+00:00,14.071644177486943,False
4500015303_00001,Create Purchase Order Item -> Record Goods Receipt,2018-01-29 05:09:09.139858907+00:00,12.261163257425103,False
4500019327_00001,Record Invoice Receipt -> Set Payment Block,2018-01-29 07:04:11.271718401+00:00,48.15782621526819,False
4500008313_00001,Create Purchase Order Item -> Record Goods Receipt,2018-01-29 13:59:07.233299390+00:00,31.41643707255919,False
4500013203_00001,Create Purchase Order Item -> Record Goods Receipt,2018-01-29 18:23:47.967274292+00:00,49.20069699024263,False
4500018964_00001,Record Invoice Receipt -> Set Payment Block,2018-01-29 23:58:04.394774948+00:00,19.01263871389618,False
4500011386_00001,Record Goods Receipt -> Record Goods Receipt,2018-01-31 02:17:49.815556188+00:00,61.81657755151063,True
4500017578_00001,Record Invoice Receipt -> Set Payment Block,2018-01-31 19:04:43.307824942+00:00,62.54138047883686,False
4500005964_00001,Create Purchase Order Item -> Record Goods Receipt,2018-02-02 01:13:42.906160323+00:00,30.913002641367154,False
4500012648_00001,Change Price -> Record Goods Receipt,2018-02-02 05:34:22.259057134+00:00,31.908113406829308,False
4500002291_00001,Record Goods Receipt -> Record Goods Receipt,2018-02-02 17:30:02.476666922+00:00,37.75092676236972,False
4500018307_00001,Create Purchase Order Item -> Record Goods Receipt,2018-02-03 06:44:57.639034292+00:00,124.09720652921045,True
4500019375_00001,Create Purchase Order Item -> Record Goods Receipt,2018-02-03 08:53:04.369818576+00:00,31.476558267691598,False
4500013370_00001,Record Invoice Receipt -> Set Payment Block,2018-02-05 05:05:40.000688136+00:00,12.331111993365822,False
4500013737_00001,Create Purchase Order Item -> Record Goods Receipt,2018-02-05 05:10:38.028359301+00:00,72.31722405302129,True
4500017690_00001,Create Purchase Order Item -> Change Price,2018-02-05 05:38:49.188053829+00:00,22.066127300527477,False
4500008180_00001,Create Purchase Order Item -> Record Goods Receipt,2018-02-05 10:50:37.770189550+00:00,49.47068668585289,False
4500003608_00001,Record Goods Receipt -> Record Invoice Receipt,2018-02-06 09:52:33.405887050+00:00,47.81833968753546,True
4500007894_00001,Create Purchase Order Item -> Record Goods Receipt,2018-02-06 14:25:54.701946233+00:00,71.85761550931005,True
4500019683_00001,Create Purchase Order Item -> Record Goods Receipt,2018-02-06 18:50:41.711515999+00:00,177.26523856093525,True
4500012206_00001,Record Invoice Receipt -> Clear Invoice,2018-02-06 22:27:43.775027886+00:00,20.42515001673419,False
4500013683_00001,Create Purchase Order Item -> Change Price,2018-02-08 15:37:22.393953045+00:00,21.92384741590771,False
4500018564_00001,Create Purchase Order Item -> Record Goods Receipt,2018-02-08 17:08:01.807394053+00:00,77.5627750213773,True
4500009451_00001,Record Goods Receipt -> Record Invoice Receipt,2018-02-09 06:24:45.889790096+00:00,55.1197278490923,True
4500008460_00001,Create Purchase Order Item -> Record Goods Receipt,2018-02-09 10:57:56.612192148+00:00,32.90229385396662,False
4500010631_00001,Record Invoice Receipt -> Set Payment Block,2018-02-09 21:18:43.691224714+00:00,21.890888323828147,False
4500008323_00001,Create Purchase Order Item -> Record Goods Receipt,2018-02-09 22:36:10.484581641+00:00,21.785224264700254,False
4500007512_00001,Record Goods Receipt -> Record Goods Receipt,2018-02-10 06:55:29.761327769+00:00,14.589113142450902,False
4500018829_00001,Create Purchase Order Item -> Record Goods Receipt,2018-02-10 08:53:24.467550934+00:00,11.280013328082095,False
4500003794_00001,Create Purchase Order Item -> Record Goods Receipt,2018-02-10 23:47:04.526009952+00:00,43.35170007527724,False
4500017164_00001,Create Purchase Order Item -> Record Goods Receipt,2018-02-11 01:14:47.058723151+00:00,29.073974092927603,False
4500012255_00001,Create Purchase Order Item -> Record Goods Receipt,2018-02-11 13:41:24.395905514+00:00,17.061302237645638,False
4500005967_00001,Record Goods Receipt -> Record Invoice Receipt,2018-02-11 22:24:18.939102886+00:00,34.25816099531322,False
4500008433_00001,Create Purchase Order Item -> Record Goods Receipt,2018-02-12 03:08:57.607206416+00:00,70.52475812085602,True
4500008082_00001,Record Invoice Receipt -> Set Payment Block,2018-02-12 09:24:33.802807754+00:00,64.79187140159922,False
4500011534_00001,Record Goods Receipt -> Record Invoice Receipt,2018-02-12 17:18:16.900552352+00:00,23.2577588539414,False
4500001013_00001,Record Goods Receipt -> Record Invoice Receipt,2018-02-13 03:52:51.021508959+00:00,49.239999416831644,True
4500000745_00001,Record Goods Receipt -> Record Invoice Receipt,2018-02-13 05:39:38.021511583+00:00,16.753755713937977,False
4500018608_00001,Create Purchase Order Item -> Record Goods Receipt,2018-02-13 09:21:35.872078913+00:00,131.62418883653535,True
4500005196_00001,Record Invoice Receipt -> Clear Invoice,2018-02-13 12:26:24.146864761+00:00,18.394501972350753,False
4500002292_00001,Record Goods Receipt -> Record Invoice Receipt,2018-02-13 18:56:19.160178793+00:00,4.061782002835001,False
4500011638_00001,Record Invoice Receipt -> Clear Invoice,2018-02-14 05:53:10.777009691+00:00,36.65000949574681,True
4500010991_00001,Record Goods Receipt -> Record Invoice Receipt,2018-02-14 06:29:15.739309673+00:00,29.374098760887176,False
4500003723_00001,Create Purchase Order Item -> Record Goods Receipt,2018-02-14 06:37:15.921477163+00:00,20.605594914243564,False
4500006435_00001,Create Purchase Order Item -> Change Price,2018-02-14 17:15:45.484611712+00:00,51.460060139846,False
4500004048_00001,Record Invoice Receipt -> Set Payment Block,2018-02-14 19:55:57.916229313+00:00,23.78857217571684,False
4500005006_00001,Record Goods Receipt -> Record Invoice Receipt,2018-02-15 03:32:19.400224391+00:00,51.497337314358404,True
4500017839_00001,Create Purchase Order Item -> Record Goods Receipt,2018-02-15 05:26:42.813475141+00:00,32.99189323089725,False
4500002926_00001,Create Purchase Order Item -> Record Goods Receipt,2018-02-15 15:09:55.552871658+00:00,47.86276105863311,False
4500010505_00001,Record Goods Receipt -> Record Invoice Receipt,2018-02-15 22:50:56.735295193+00:00,30.21965130354299,False
4500016000_00001,Create Purchase Order Item -> Record Goods Receipt,2018-02-16 01:21:49.768658704+00:00,65.0705058173702,True
4500015538_00001,Record Invoice Receipt -> Clear Invoice,2018-02-16 01:42:36.824739569+00:00,26.330591904139514,False
4500001876_00001,Record Invoice Receipt -> Set Payment Block,2018-02-16 02:31:50.647204369+00:00,19.448298721231946,False
4500016296_00001,Record Goods Receipt -> Record Invoice Receipt,2018-02-16 03:25:26.466367097+00:00,34.825264476521426,False
4500017974_00001,Create Purchase Order Item -> Record Goods Receipt,2018-02-16 07:13:47.794293187+00:00,86.95447711597423,True
4500004653_00001,Record Goods Receipt -> Record Invoice Receipt,2018-02-16 09:39:54.647327075+00:00,10.490120092339756,False
4500012410_00001,Create Purchase Order Item -> Record Goods Receipt,2018-02-16 10:57:29.003952574+00:00,191.69837881476747,True
4500007665_00001,Record Invoice Receipt -> Clear Invoice,2018-02-16 12:19:17.015886967+00:00,14.490620720336734,False
4500013975_00001,Record Invoice Receipt -> Clear Invoice,2018-02-16 15:36:07.949158962+00:00,7.425200084039259,False
4500008924_00001,Create Purchase Order Item -> Record Goods Receipt,2018-02-16 16:45:14.427724055+00:00,34.92362762733396,False
4500012590_00001,Record Invoice Receipt -> Clear Invoice,2018-02-16 17:01:33.084493045+00:00,19.024292139919442,False
4500015095_00001,Record Goods Receipt -> Record Invoice Receipt,2018-02-16 18:26:57.611456470+00:00,46.322916674798996,True
4500017804_00001,Change Price -> Record Goods Receipt,2018-02-16 22:31:21.733782661+00:00,34.59790730480592,False
4500017559_00001,Create Purchase Order Item -> Record Goods Receipt,2018-02-17 03:08:43.095891226+00:00,47.73508920159074,False
4500008192_00001,Record Goods Receipt -> Record Invoice Receipt,2018-02-17 05:06:23.604379220+00:00,30.34727177468045,False
4500009000_00001,Create Purchase Order Item -> Change Price,2018-02-17 05:15:26.798012894+00:00,18.425947449704143,False
4500005521_00001,Create Purchase Order Item -> Record Goods Receipt,2018-02-17 22:56:26.172060562+00:00,52.15633880724195,False
4500012885_00001,Record Goods Receipt -> Record Goods Receipt,2018-02-18 06:10:07.740056332+00:00,215.46496916397277,True
4500003976_00001,Create Purchase Order Item -> Record Goods Receipt,2018-02-18 11:51:12.198106745+00:00,49.93646342718185,False
4500004743_00001,Create Purchase Order Item -> Change Price,2018-02-18 12:41:56.648517721+00:00,22.558939025233276,False
4500018220_00001,Record Invoice Receipt -> Clear Invoice,2018-02-18 13:14:11.396840148+00:00,0.6894738730732292,False
4500017163_00001,Create Purchase Order Item -> Record Goods Receipt,2018-02-18 19:08:44.120119057+00:00,49.30288462707496,False
4500006335_00001,Create Purchase Order Item -> Record Goods Receipt,2018-02-18 23:38:42.152626298+00:00,18.888512118556495,False
4500004259_00001,Record Goods Receipt -> Record Invoice Receipt,2018-02-19 02:36:00.310707235+00:00,60.49171352177747,True
4500000673_00001,Record Goods Receipt -> Record Invoice Receipt,2018-02-19 04:13:33.856330957+00:00,62.72295185375739,True
4500011937_00001,Create Purchase Order Item -> Record Goods Receipt,2018-02-19 05:45:31.434057810+00:00,73.01455139404791,True
4500019075_00001,Record Invoice Receipt -> Clear Invoice,2018-02-19 05:51:16.400840523+00:00,3.325834553324641,False
4500016045_00001,Create Purchase Order Item -> Record Goods Receipt,2018-02-19 06:13:48.515033983+00:00,31.296517126432953,False
4500018182_00001,Record Goods Receipt -> Record Invoice Receipt,2018-02-19 10:17:24.737958279+00:00,10.605163737444062,False
4500016448_00001,Create Purchase Order Item -> Record Goods Receipt,2018-02-19 18:25:30.910852320+00:00,43.29130212161207,False
4500001713_00001,Record Goods Receipt -> Record Invoice Receipt,2018-02-19 19:40:39.727619531+00:00,20.794143008827454,False
4500004374_00001,Record Invoice Receipt -> Clear Invoice,2018-02-20 03:17:21.330992032+00:00,18.668416019624065,False
4500003343_00001,Record Goods Receipt -> Record Invoice Receipt,2018-02-20 04:17:09.396928629+00:00,10.811177494707188,False
4500013191_00001,Record Goods Receipt -> Record Invoice Receipt,2018-02-20 05:24:29.154692116+00:00,96.04973269640271,True
4500003652_00001,Record Goods Receipt -> Record Invoice Receipt,2018-02-20 06:36:33.543453481+00:00,68.43093042699208,True
4500010096_00001,Create Purchase Order Item -> Record Goods Receipt,2018-02-20 06:45:30.911824944+00:00,38.37050176304719,False
4500001757_00001,Record Invoice Receipt -> Set Payment Block,2018-02-20 10:04:11.970194238+00:00,41.09161514041381,False
4500007029_00001,Create Purchase Order Item -> Record Goods Receipt,2018-02-20 11:15:16.744497226+00:00,53.65520452088642,False
4500000472_00001,Change Price -> Record Goods Receipt,2018-02-20 13:02:45.370247324+00:00,17.23595839932905,False
4500014245_00001,Create Purchase Order Item -> Record Goods Receipt,2018-02-20 13:16:10.379930617+00:00,70.3996770349117,True
4500013635_00001,Change Price -> Record Goods Receipt,2018-02-20 15:38:48.538700975+00:00,78.80136051329049,True
4500009866_00001,Record Invoice Receipt -> Set Payment Block,2018-02-21 02:36:03.351358907+00:00,92.73236021777606,True
4500013048_00001,Record Invoice Receipt -> Set Payment Block,2018-02-21 08:46:15.193647035+00:00,55.53915012426273,True
4500005920_00001,Create Purchase Order Item -> Record Goods Receipt,2018-02-21 11:35:30.314972247+00:00,63.498339770529384,True
4500001226_00001,Change Price -> Record Goods Receipt,2018-02-21 11:37:39.170477725+00:00,35.11075776301996,False
4500017948_00001,Create Purchase Order Item -> Record Goods Receipt,2018-02-21 18:21:09.089294057+00:00,31.885306977767836,False
4500002101_00001,Record Goods Receipt -> Record Invoice Receipt,2018-02-21 21:04:31.157301151+00:00,50.956887975614926,True
4500012955_00001,Record Goods Receipt -> Record Invoice Receipt,2018-02-22 02:16:27.855614321+00:00,26.835201122339537,False
4500008292_00001,Create Purchase Order Item -> Record Goods Receipt,2018-02-22 05:37:30.723165956+00:00,67.07800351930544,True
4500018750_00001,Record Goods Receipt -> Record Invoice Receipt,2018-02-22 06:57:50.587209719+00:00,22.345458986437283,False
4500017609_00001,Create Purchase Order Item -> Record Goods Receipt,2018-02-22 10:33:20.582912097+00:00,15.688935905955834,False
4500007343_00001,Record Goods Receipt -> Record Invoice Receipt,2018-02-22 12:35:49.311615822+00:00,31.31489379851021,False
4500018697_00001,Create Purchase Order Item -> Record Goods Receipt,2018-02-22 15:05:27.306145290+00:00,19.3041779035867,False
4500000451_00001,Create Purchase Order Item -> Record Goods Receipt,2018-02-22 15:52:35.634748708+00:00,134.82975073734107,True
4500003958_00001,Record Invoice Receipt -> Clear Invoice,2018-02-22 17:19:17.051414808+00:00,13.324345465123484,False
4500001306_00001,Record Goods Receipt -> Record Invoice Receipt,2018-02-23 06:12:01.972804224+00:00,23.971245445199145,False
4500013290_00001,Create Purchase Order Item -> Record Goods Receipt,2018-02-23 13:54:01.717725253+00:00,49.87934988976573,False
4500010692_00001,Create Purchase Order Item -> Record Goods Receipt,2018-02-23 20:34:03.758675574+00:00,17.35447229796154,False
4500015640_00001,Record Goods Receipt -> Record Goods Receipt,2018-02-24 16:11:16.753816340+00:00,10.95657425407059,False
4500009854_00001,Record Invoice Receipt -> Clear Invoice,2018-02-24 21:38:53.823744321+00:00,9.589252510308853,False
4500005451_00001,Create Purchase Order Item -> Record Goods Receipt,2018-02-25 08:03:24.581038338+00:00,23.484166749247812,False
4500012433_00001,Record Goods Receipt -> Record Invoice Receipt,2018-02-25 12:04:19.907978190+00:00,9.112434842964733,False
4500013806_00001,Create Purchase Order Item -> Record Goods Receipt,2018-02-25 17:34:01.388067912+00:00,15.33086988691596,False
4500003412_00001,Create Purchase Order Item -> Record Goods Receipt,2018-02-25 17:49:14.482879219+00:00,22.525554964636726,False
4500010565_00001,Change Price -> Record Goods Receipt,2018-02-25 18:33:09.723586438+00:00,14.05626602228632,False
4500001666_00001,Record Goods Receipt -> Record Invoice Receipt,2018-02-25 21:17:57.714778339+00:00,46.213159212234885,True
4500006072_00001,Change Price -> Record Goods Receipt,2018-02-25 21:26:35.905559442+00:00,56.47669716006812,True
4500016100_00001,Create Purchase Order Item -> Record Goods Receipt,2018-02-26 06:00:45.426142307+00:00,52.16662051399467,False
4500004366_00001,Create Purchase Order Item -> Record Goods Receipt,2018-02-26 23:54:00.741687439+00:00,39.96351423524973,False
4500010114_00001,Record Goods Receipt -> Record Invoice Receipt,2018-02-27 05:33:34.145857907+00:00,39.362630984520905,False
4500000969_00001,Create Purchase Order Item -> Record Goods Receipt,2018-02-27 07:05:01.674257949+00:00,100.34316415785281,True
4500008946_00001,Record Invoice Receipt -> Set Payment Block,2018-02-27 14:04:53.832646081+00:00,76.23421901322318,True
4500005141_00001,Record Goods Receipt -> Record Invoice Receipt,2018-02-27 15:48:01.699886974+00:00,19.263442500809003,False
4500007865_00001,Create Purchase Order Item -> Record Goods Receipt,2018-02-27 18:33:30.074122966+00:00,72.55766923907782,True
4500019706_00001,Record Goods Receipt -> Record Invoice Receipt,2018-02-27 18:52:05.494421705+00:00,70.96295132483273,True
4500018361_00001,Record Invoice Receipt -> Clear Invoice,2018-02-28 00:36:07.015647786+00:00,0.3723293717525347,False
4500011926_00001,Create Purchase Order Item -> Change Price,2018-02-28 03:26:10.869935821+00:00,36.23321235547829,False
4500018688_00001,Create Purchase Order Item -> Change Price,2018-02-28 09:12:48.719981599+00:00,23.064439137151897,False
4500014516_00001,Create Purchase Order Item -> Record Goods Receipt,2018-02-28 23:31:03.871647412+00:00,32.74095914972696,False
4500002920_00001,Create Purchase Order Item -> Record Goods Receipt,2018-03-01 08:44:38.001900889+00:00,148.1029211712816,True
4500011421_00001,Record Goods Receipt -> Record Invoice Receipt,2018-03-01 14:44:03.241804598+00:00,64.45446356563066,True
4500014813_00001,Record Goods Receipt -> Record Invoice Receipt,2018-03-01 14:45:49.252923184+00:00,42.05885204419531,False
4500003166_00001,Record Goods Receipt -> Record Invoice Receipt,2018-03-01 20:51:46.735773240+00:00,60.68924395535623,True
4500017496_00001,Record Goods Receipt -> Record Invoice Receipt,2018-03-01 20:54:30.284663372+00:00,57.19505750555913,True
4500011928_00001,Change Price -> Record Goods Receipt,2018-03-01 22:36:21.150781685+00:00,46.60509046906856,False
4500014510_00001,Record Goods Receipt -> Record Invoice Receipt,2018-03-01 22:54:44.604503501+00:00,33.699954886419235,True
4500003012_00001,Record Goods Receipt -> Record Goods Receipt,2018-03-01 23:45:14.923954803+00:00,26.066773246905743,False
4500013943_00001,Record Invoice Receipt -> Clear Invoice,2018-03-02 03:51:33.677041759+00:00,15.83598808769168,False
4500019022_00001,Record Goods Receipt -> Record Goods Receipt,2018-03-02 05:35:24.588006323+00:00,59.336691166723924,True
4500009749_00001,Create Purchase Order Item -> Record Goods Receipt,2018-03-02 06:18:06.318950667+00:00,129.8427370729097,True
4500004572_00001,Create Purchase Order Item -> Record Goods Receipt,2018-03-02 07:31:35.551583492+00:00,36.994184956627976,False
4500000898_00001,Record Invoice Receipt -> Clear Invoice,2018-03-02 10:06:16.413998611+00:00,13.643308872678983,False
4500011094_00001,Create Purchase Order Item -> Record Goods Receipt,2018-03-02 11:52:36.361537166+00:00,69.7144614077354,True
4500001962_00001,Record Goods Receipt -> Record Invoice Receipt,2018-03-02 13:33:29.750428682+00:00,18.466499267538715,False
4500003377_00001,Record Goods Receipt -> Record Invoice Receipt,2018-03-02 15:13:07.386728780+00:00,68.13441270825702,True
4500013121_00001,Create Purchase Order Item -> Change Price,2018-03-02 15:31:22.133228583+00:00,62.79129715876033,False
4500016764_00001,Create Purchase Order Item -> Record Goods Receipt,2018-03-02 17:04:15.798302539+00:00,24.21535472275706,False
4500004261_00001,Record Goods Receipt -> Record Invoice Receipt,2018-03-03 02:03:29.687350228+00:00,25.097942850518123,False
4500008853_00001,Create Purchase Order Item -> Record Goods Receipt,2018-03-04 00:01:51.858219099+00:00,28.966404879257095,False
4500006073_00001,Record Invoice Receipt -> Clear Invoice,2018-03-04 02:52:43.544462518+00:00,0.6965482429042477,False
4500013598_00001,Record Invoice Receipt -> Clear Invoice,2018-03-04 05:45:56.510743862+00:00,0.9558932367094445,False
4500014289_00001,Create Purchase Order Item -> Record Goods Receipt,2018-03-04 14:27:06.775584947+00:00,27.676495950325346,False
4500001017_00001,Create Purchase Order Item -> Record Goods Receipt,2018-03-04 16:29:30.959753645+00:00,17.66447932859881,False
4500002846_00001,Record Invoice Receipt -> Clear Invoice,2018-03-04 22:39:53.776432298+00:00,15.941352166023808,False
4500007044_00001,Create Purchase Order Item -> Record Goods Receipt,2018-03-05 02:59:33.652651685+00:00,219.6991528071789,True
4500008549_00001,Remove Payment Block -> Clear Invoice,2018-03-06 12:06:47.301175607+00:00,25.223858222109534,False
4500006339_00001,Record Invoice Receipt -> Clear Invoice,2018-03-06 15:09:18.170054138+00:00,17.01989910180101,False
4500016996_00001,Record Invoice Receipt -> Clear Invoice,2018-03-06 19:07:01.840434635+00:00,20.57998538047492,False
4500001069_00001,Record Invoice Receipt -> Set Payment Block,2018-03-06 20:19:20.014578259+00:00,28.368403896968452,False
4500006220_00001,Record Goods Receipt -> Record Invoice Receipt,2018-03-06 21:04:00.816682903+00:00,42.40148856343788,False
4500007199_00001,Record Invoice Receipt -> Set Payment Block,2018-03-07 10:03:14.311732689+00:00,125.92555477074319,True
4500017032_00001,Record Invoice Receipt -> Clear Invoice,2018-03-07 10:10:10.328686495+00:00,5.346519455748553,False
4500005629_00001,Record Goods Receipt -> Record Invoice Receipt,2018-03-07 22:57:18.070782768+00:00,13.50218558816773,False
4500013571_00001,Record Goods Receipt -> Record Invoice Receipt,2018-03-08 05:01:36.409844173+00:00,8.375821852309688,False
4500003402_00001,Record Goods Receipt -> Record Goods Receipt,2018-03-08 07:09:57.013477983+00:00,60.8012191445679,True
4500005107_00001,Create Purchase Order Item -> Record Goods Receipt,2018-03-08 10:28:07.227103061+00:00,91.16291857333657,True
4500014220_00001,Create Purchase Order Item -> Change Price,2018-03-08 13:31:23.638632733+00:00,40.595633664332325,False
4500004725_00001,Create Purchase Order Item -> Record Goods Receipt,2018-03-08 23:24:08.281027937+00:00,57.537057168852954,True
4500006953_00001,Record Goods Receipt -> Record Invoice Receipt,2018-03-09 08:52:14.184409237+00:00,34.65260670372985,False
4500008674_00001,Create Purchase Order Item -> Change Price,2018-03-10 10:35:14.259941809+00:00,11.342898361383844,False
4500006976_00001,Record Goods Receipt -> Record Invoice Receipt,2018-03-10 10:47:18.104691722+00:00,7.59965168677125,False
4500011335_00001,Create Purchase Order Item -> Record Goods Receipt,2018-03-10 19:32:49.424318888+00:00,15.862136745203763,False
4500007904_00001,Record Goods Receipt -> Record Invoice Receipt,2018-03-10 23:59:58.532472445+00:00,28.182249942770312,True
4500011836_00001,Create Purchase Order Item -> Record Goods Receipt,2018-03-11 03:02:07.713992132+00:00,38.09166956187053,False
4500009378_00001,Create Purchase Order Item -> Record Goods Receipt,2018-03-11 05:33:52.166295592+00:00,52.891828121932114,False
4500015905_00001,Record Goods Receipt -> Record Invoice Receipt,2018-03-12 08:59:49.818547045+00:00,26.825735421884872,False
4500019339_00001,Remove Payment Block -> Clear Invoice,2018-03-12 11:25:16.541715044+00:00,1.7237026010767016,False
4500016073_00001,Create Purchase Order Item -> Record Goods Receipt,2018-03-12 22:55:49.669897111+00:00,22.432166787120103,False
4500005901_00001,Create Purchase Order Item -> Record Goods Receipt,2018-03-13 07:48:13.088563841+00:00,24.871971119375107,False
4500018510_00001,Create Purchase Order Item -> Record Goods Receipt,2018-03-13 15:32:54.056469358+00:00,85.54666472432467,True
4500008865_00001,Record Goods Receipt -> Record Invoice Receipt,2018-03-13 17:14:01.196022262+00:00,17.20707986305412,False
4500008658_00001,Record Goods Receipt -> Record Invoice Receipt,2018-03-13 17:55:16.452021719+00:00,32.14211099656418,False
4500001778_00001,Record Invoice Receipt -> Clear Invoice,2018-03-13 20:26:23.698182590+00:00,25.369456397958626,True
4500006719_00001,Create Purchase Order Item -> Record Goods Receipt,2018-03-14 00:02:26.224340494+00:00,98.95706664938538,True
4500013885_00001,Record Invoice Receipt -> Set Payment Block,2018-03-14 10:31:12.777717604+00:00,27.788300755248507,False
4500003590_00001,Record Goods Receipt -> Record Goods Receipt,2018-03-14 17:14:43.222082638+00:00,11.173535884933948,False
4500004456_00001,Remove Payment Block -> Clear Invoice,2018-03-14 17:49:29.957329763+00:00,1.7843989445796065,False
4500003575_00001,Record Goods Receipt -> Record Invoice Receipt,2018-03-14 20:55:07.726354775+00:00,20.580819812707073,False
4500000860_00001,Record Invoice Receipt -> Clear Invoice,2018-03-15 01:16:25.525510715+00:00,1.7821937522225693,False
4500017231_00001,Record Goods Receipt -> Record Invoice Receipt,2018-03-15 03:50:30.239574505+00:00,43.91796517748248,True
4500014783_00001,Create Purchase Order Item -> Record Goods Receipt,2018-03-15 13:15:29.403582306+00:00,40.73770152185668,False
4500008256_00001,Record Goods Receipt -> Record Goods Receipt,2018-03-15 17:37:10.422864550+00:00,12.518646607690336,False
4500002845_00001,Record Goods Receipt -> Record Goods Receipt,2018-03-15 19:11:29.129213087+00:00,37.52085582298278,False
4500016095_00001,Change Price -> Record Goods Receipt,2018-03-15 19:48:53.694086757+00:00,80.70804751279353,True
4500006406_00001,Record Invoice Receipt -> Clear Invoice,2018-03-16 01:13:28.149859939+00:00,1.1355777262709028,False
4500013395_00001,Change Price -> Record Goods Receipt,2018-03-16 01:59:38.432790656+00:00,43.859244107247584,False
4500011162_00001,Record Goods Receipt -> Record Invoice Receipt,2018-03-16 02:35:52.746830768+00:00,44.61378198124965,True
4500010945_00001,Create Purchase Order Item -> Record Goods Receipt,2018-03-16 05:32:44.794943002+00:00,89.8140008280445,True
4500018999_00001,Create Purchase Order Item -> Record Goods Receipt,2018-03-16 10:24:03.535970949+00:00,136.44855879182566,True
4500016479_00001,Change Price -> Record Goods Receipt,2018-03-16 17:10:55.887952024+00:00,23.229567389674084,False
4500019393_00001,Create Purchase Order Item -> Record Goods Receipt,2018-03-16 23:05:46.079458057+00:00,28.909807865575324,False
4500004855_00001,Record Invoice Receipt -> Clear Invoice,2018-03-17 04:17:58.099888737+00:00,9.047334790483115,False
4500007548_00001,Record Goods Receipt -> Record Invoice Receipt,2018-03-17 10:16:47.547881354+00:00,49.08041902525563,True
4500008594_00001,Record Invoice Receipt -> Clear Invoice,2018-03-17 10:24:08.798098121+00:00,12.301255869449758,False
4500007967_00001,Create Purchase Order Item -> Record Goods Receipt,2018-03-17 11:58:49.093189706+00:00,93.934357760244,True
4500013579_00001,Record Invoice Receipt -> Clear Invoice,2018-03-17 18:51:00.837939462+00:00,53.0975305778269,True
4500007869_00001,Record Goods Receipt -> Record Invoice Receipt,2018-03-17 21:15:40.181887002+00:00,25.171682070283914,False
4500013092_00001,Create Purchase Order Item -> Record Goods Receipt,2018-03-18 03:46:07.189466718+00:00,15.552968554258275,False
4500013934_00001,Record Goods Receipt -> Record Invoice Receipt,2018-03-18 15:32:25.260937433+00:00,78.25033004519949,True
4500016140_00001,Record Goods Receipt -> Record Invoice Receipt,2018-03-18 17:09:42.367539472+00:00,20.504566306642534,False
4500002216_00001,Create Purchase Order Item -> Record Goods Receipt,2018-03-18 17:22:13.919632086+00:00,116.19711462934958,True
4500016810_00001,Record Invoice Receipt -> Clear Invoice,2018-03-18 19:33:28.133864661+00:00,11.124128997471667,False
4500012533_00001,Create Purchase Order Item -> Record Goods Receipt,2018-03-19 00:53:10.378754617+00:00,25.574855362072256,False
4500001671_00001,Record Invoice Receipt -> Clear Invoice,2018-03-19 01:29:33.746221855+00:00,14.400914193636075,True
4500005835_00001,Record Invoice Receipt -> Clear Invoice,2018-03-19 06:55:30.691520725+00:00,1.5697217595999189,False
4500017776_00001,Change Price -> Record Goods Receipt,2018-03-19 12:01:22.265584103+00:00,66.14918250248706,True
4500010376_00001,Change Price -> Record Goods Receipt,2018-03-19 17:04:16.018269723+00:00,40.44724299977738,False
4500000264_00001,Record Goods Receipt -> Record Invoice Receipt,2018-03-19 17:38:49.185798189+00:00,41.35871406594963,True
4500007376_00001,Create Purchase Order Item -> Change Price,2018-03-19 19:16:01.061011562+00:00,29.344938403430323,False
4500018105_00001,Record Invoice Receipt -> Clear Invoice,2018-03-19 19:23:36.502751266+00:00,19.941831601115833,False
4500019686_00001,Change Price -> Record Goods Receipt,2018-03-19 20:19:15.221060810+00:00,92.19384668727433,True
4500014784_00001,Create Purchase Order Item -> Record Goods Receipt,2018-03-20 10:42:40.022857356+00:00,28.383565797661085,False
4500001318_00001,Create Purchase Order Item -> Record Goods Receipt,2018-03-20 17:23:37.359802404+00:00,144.14984134721036,True
4500009721_00001,Create Purchase Order Item -> Record Goods Receipt,2018-03-20 18:32:26.070674645+00:00,94.38347509395976,True
4500002160_00001,Create Purchase Order Item -> Record Goods Receipt,2018-03-20 23:33:44.920960084+00:00,24.650771521178104,False
4500015836_00001,Record Goods Receipt -> Record Invoice Receipt,2018-03-21 00:23:58.214823405+00:00,10.602628948018241,False
4500001245_00001,Record Invoice Receipt -> Clear Invoice,2018-03-21 03:26:11.587113008+00:00,2.871518165463796,False
4500005922_00001,Record Goods Receipt -> Record Invoice Receipt,2018-03-21 11:31:46.552581229+00:00,42.709888483870635,True
4500000861_00001,Create Purchase Order Item -> Record Goods Receipt,2018-03-21 16:07:50.000883914+00:00,10.061751804682558,False
4500007469_00001,Create Purchase Order Item -> Record Goods Receipt,2018-03-21 19:31:15.208236625+00:00,14.861396607475324,False
4500002099_00001,Create Purchase Order Item -> Record Goods Receipt,2018-03-22 05:40:55.288482536+00:00,30.40257051540308,False
4500003127_00001,Create Purchase Order Item -> Record Goods Receipt,2018-03-22 06:16:06.518708006+00:00,53.207682972305264,False
4500001243_00001,Record Goods Receipt -> Record Invoice Receipt,2018-03-22 07:17:36.956233650+00:00,39.83994608401869,False
4500019887_00001,Create Purchase Order Item -> Record Goods Receipt,2018-03-22 09:33:17.935582424+00:00,34.09241712183796,False
4500008061_00001,Record Invoice Receipt -> Clear Invoice,2018-03-22 13:27:03.903027016+00:00,42.44580461002793,False
4500012430_00001,Record Goods Receipt -> Record Invoice Receipt,2018-03-22 19:27:20.719398266+00:00,40.69280071501778,False
4500005412_00001,Create Purchase Order Item -> Record Goods Receipt,2018-03-22 21:56:05.416956936+00:00,42.75388155948079,False
4500012318_00001,Record Goods Receipt -> Record Invoice Receipt,2018-03-22 23:07:08.082843074+00:00,49.36855655765196,True
4500019369_00001,Record Goods Receipt -> Record Invoice Receipt,2018-03-23 05:20:49.561502786+00:00,38.3933399034239,False
4500012945_00001,Record Goods Receipt -> Record Invoice Receipt,2018-03-23 06:25:48.212570043+00:00,32.78053093598794,False
4500001741_00001,Record Goods Receipt -> Record Invoice Receipt,2018-03-23 12:40:14.934054073+00:00,73.87936822821219,True
4500002118_00001,Create Purchase Order Item -> Record Goods Receipt,2018-03-23 16:25:20.615058709+00:00,15.93175878478838,False
4500008182_00001,Record Goods Receipt -> Record Goods Receipt,2018-03-24 03:09:30.389747737+00:00,22.849177176375083,False
4500014839_00001,Record Goods Receipt -> Record Invoice Receipt,2018-03-24 19:07:16.633415797+00:00,42.75438511773719,True
4500004508_00001,Record Invoice Receipt -> Clear Invoice,2018-03-24 21:55:15.209082684+00:00,0.7965320196223958,False
4500016747_00001,Create Purchase Order Item -> Record Goods Receipt,2018-03-24 22:58:46.925104535+00:00,36.45716085281046,False
4500007585_00001,Record Invoice Receipt -> Clear Invoice,2018-03-24 23:17:21.059848783+00:00,10.253157298564526,False
4500000540_00001,Record Goods Receipt -> Record Invoice Receipt,2018-03-25 03:54:52.935579236+00:00,57.11265561350408,True
4500010924_00001,Create Purchase Order Item -> Record Goods Receipt,2018-03-25 08:08:41.584146589+00:00,69.71814145532944,True
4500002715_00001,Create Purchase Order Item -> Record Goods Receipt,2018-03-25 14:08:23.332243389+00:00,78.84751433290322,True
4500019936_00001,Record Invoice Receipt -> Clear Invoice,2018-03-25 22:50:30.375757029+00:00,5.075735101633125,False
4500019717_00001,Record Invoice Receipt -> Clear Invoice,2018-03-26 07:55:14.722599576+00:00,8.706279099819005,False
4500003685_00001,Record Goods Receipt -> Record Invoice Receipt,2018-03-26 09:54:40.449669825+00:00,34.99634568441668,False
4500013998_00001,Record Goods Receipt -> Record Invoice Receipt,2018-03-26 16:33:19.338576412+00:00,33.232243197359885,False
4500003184_00001,Create Purchase Order Item -> Change Price,2018-03-27 01:50:57.271573256+00:00,44.33383214569332,False
4500002765_00001,Record Goods Receipt -> Record Invoice Receipt,2018-03-27 19:14:27.608341113+00:00,47.0456011887129,True
4500011739_00001,Record Invoice Receipt -> Clear Invoice,2018-03-28 05:22:04.207093412+00:00,21.894315526240497,True
4500007196_00001,Record Invoice Receipt -> Clear Invoice,2018-03-28 14:15:36.444296845+00:00,3.862972424807037,False
4500004998_00001,Record Invoice Receipt -> Clear Invoice,2018-03-29 05:43:20.537456029+00:00,12.888813713552695,False
4500015426_00001,Record Goods Receipt -> Record Invoice Receipt,2018-03-29 07:37:56.124403578+00:00,20.73935728395443,False
4500002371_00001,Create Purchase Order Item -> Change Price,2018-03-29 13:53:12.414606736+00:00,20.515788854442675,False
4500012154_00001,Record Goods Receipt -> Record Invoice Receipt,2018-03-29 15:25:00.503275505+00:00,35.899532766951346,False
4500016261_00001,Record Invoice Receipt -> Clear Invoice,2018-03-29 16:59:52.542724299+00:00,6.933895526253693,False
4500014230_00001,Create Purchase Order Item -> Record Goods Receipt,2018-03-29 20:42:24.721039984+00:00,116.19432985933314,True
4500018634_00001,Create Purchase Order Item -> Record Goods Receipt,2018-03-30 00:08:12.991634211+00:00,38.50375108073024,False
4500000434_00001,Record Goods Receipt -> Record Invoice Receipt,2018-03-30 05:21:58.243574702+00:00,31.463896720252503,False
4500003875_00001,Create Purchase Order Item -> Record Goods Receipt,2018-03-30 07:17:57.536412011+00:00,10.099938119307291,False
4500015511_00001,Remove Payment Block -> Clear Invoice,2018-03-30 21:26:18.810338837+00:00,10.064295061927766,False
4500014466_00001,Record Invoice Receipt -> Set Payment Block,2018-03-30 22:08:41.052893631+00:00,50.813803744785815,False
4500006393_00001,Record Invoice Receipt -> Set Payment Block,2018-03-30 22:36:06.963199198+00:00,27.15189880311148,False
4500000266_00001,Record Goods Receipt -> Record Invoice Receipt,2018-03-31 04:00:14.574352818+00:00,23.845633938535222,False
4500003174_00001,Create Purchase Order Item -> Change Price,2018-03-31 11:48:44.133315008+00:00,34.65761966659533,False
4500002325_00001,Set Payment Block -> Remove Payment Block,2018-03-31 12:47:33.016313529+00:00,41.172156904042836,True
4500015885_00001,Record Invoice Receipt -> Clear Invoice,2018-03-31 23:57:39.109056275+00:00,29.657983832722476,True
4500005600_00001,Create Purchase Order Item -> Change Price,2018-04-01 05:09:50.904599241+00:00,15.121892125684386,False
4500017220_00001,Create Purchase Order Item -> Record Goods Receipt,2018-04-01 05:23:29.513226361+00:00,49.971593015626624,False
4500008609_00001,Record Invoice Receipt -> Set Payment Block,2018-04-01 11:23:11.926093894+00:00,9.487540842881597,False
4500010662_00001,Record Invoice Receipt -> Clear Invoice,2018-04-01 11:31:10.213612395+00:00,2.410244308589479,False
4500012693_00001,Record Goods Receipt -> Record Invoice Receipt,2018-04-01 16:27:00.427937856+00:00,24.395806694855462,False
4500000281_00001,Create Purchase Order Item -> Change Price,2018-04-01 17:30:49.686818979+00:00,38.97181283654801,False
4500007112_00001,Record Invoice Receipt -> Clear Invoice,2018-04-02 06:02:00.808916152+00:00,8.753945812929501,False
4500004922_00001,Record Invoice Receipt -> Clear Invoice,2018-04-02 06:02:37.204486630+00:00,9.847386690085186,False
4500019517_00001,Record Invoice Receipt -> Clear Invoice,2018-04-02 08:07:21.523698910+00:00,29.09645975669984,False
4500006766_00001,Create Purchase Order Item -> Change Price,2018-04-02 14:44:36.646849280+00:00,39.248396842177044,False
4500003140_00001,Record Invoice Receipt -> Clear Invoice,2018-04-02 23:17:47.782702795+00:00,9.632120444543704,False
4500000257_00001,Create Purchase Order Item -> Record Goods Receipt,2018-04-03 03:29:13.882815259+00:00,41.59731760044602,False
4500003193_00001,Record Invoice Receipt -> Clear Invoice,2018-04-03 03:47:32.983402479+00:00,1.4407739447229513,False
4500001559_00001,Record Invoice Receipt -> Clear Invoice,2018-04-03 06:41:47.205959543+00:00,9.301700159985415,False
4500005554_00001,Record Invoice Receipt -> Set Payment Block,2018-04-03 16:43:29.190147733+00:00,37.931075553156894,False
4500013469_00001,Create Purchase Order Item -> Record Goods Receipt,2018-04-03 17:30:20.050829187+00:00,56.343737633602515,False
4500001580_00001,Record Goods Receipt -> Record Invoice Receipt,2018-04-04 04:01:18.848934347+00:00,27.83033773824846,False
4500007216_00001,Create Purchase Order Item -> Record Goods Receipt,2018-04-04 04:15:12.323915358+00:00,11.701284480892165,False
4500019173_00001,Record Invoice Receipt -> Clear Invoice,2018-04-04 09:21:24.057646968+00:00,14.060160869758542,False
4500014548_00001,Change Price -> Record Goods Receipt,2018-04-04 09:41:04.820462135+00:00,90.45585034615175,True
4500015667_00001,Create Purchase Order Item -> Record Goods Receipt,2018-04-04 17:43:11.231568951+00:00,40.64519836180185,False
4500013344_00001,Record Invoice Receipt -> Clear Invoice,2018-04-05 04:22:40.138067086+00:00,17.347902242427697,False
4500001920_00001,Record Invoice Receipt -> Clear Invoice,2018-04-05 07:23:36.302468633+00:00,2.3624689016009834,False
4500019077_00001,Change Price -> Record Goods Receipt,2018-04-05 12:58:27.133114577+00:00,45.55087518267882,False
4500004064_00001,Change Price -> Record Goods Receipt,2018-04-05 14:57:04.309422481+00:00,31.725631177606875,False
4500013961_00001,Record Goods Receipt -> Record Invoice Receipt,2018-04-06 07:09:48.558918633+00:00,24.99398036378041,False
4500004174_00001,Record Goods Receipt -> Record Invoice Receipt,2018-04-06 07:33:55.251579162+00:00,29.033187790041136,False
4500010379_00001,Remove Payment Block -> Clear Invoice,2018-04-06 08:53:10.271418091+00:00,14.784447828959676,False
4500015581_00001,Record Goods Receipt -> Record Invoice Receipt,2018-04-06 10:03:16.127080854+00:00,26.8932072703736,False
4500012572_00001,Change Price -> Record Goods Receipt,2018-04-06 15:38:58.550900472+00:00,49.06945480287226,False
4500010962_00001,Create Purchase Order Item -> Change Price,2018-04-06 18:38:12.707380032+00:00,36.05940081140993,False
4500008868_00001,Create Purchase Order Item -> Change Price,2018-04-07 06:41:23.827017857+00:00,12.087157662915487,False
4500009911_00001,Record Goods Receipt -> Record Invoice Receipt,2018-04-07 15:25:11.177132730+00:00,18.911874740150555,False
4500000807_00001,Create Purchase Order Item -> Record Goods Receipt,2018-04-07 16:48:12.366035612+00:00,25.32299214835833,False
4500006223_00001,Create Purchase Order Item -> Record Goods Receipt,2018-04-08 01:37:37.759176531+00:00,41.20990624292426,False
4500001700_00001,Record Goods Receipt -> Record Invoice Receipt,2018-04-08 10:27:00.343341721+00:00,47.63563521328233,True
4500018831_00001,Create Purchase Order Item -> Record Goods Receipt,2018-04-08 13:35:21.367280893+00:00,27.889632885695324,False
4500012308_00001,Create Purchase Order Item -> Record Goods Receipt,2018-04-09 08:56:23.775685627+00:00,49.367347294458035,False
4500000029_00001,Record Goods Receipt -> Record Invoice Receipt,2018-04-09 10:44:54.355657612+00:00,35.491718629375555,False
4500007809_00001,Record Invoice Receipt -> Set Payment Block,2018-04-09 15:19:35.292625192+00:00,41.888472540057585,False
4500009857_00001,Create Purchase Order Item -> Change Price,2018-04-09 16:31:52.574438305+00:00,92.95598584559697,True
4500012525_00001,Create Purchase Order Item -> Record Goods Receipt,2018-04-09 18:43:48.485624960+00:00,136.4508097961437,True
4500014766_00001,Record Invoice Receipt -> Set Payment Block,2018-04-10 02:28:23.623732941+00:00,37.81907640928819,False
4500009215_00001,Create Purchase Order Item -> Record Goods Receipt,2018-04-10 07:13:10.023125644+00:00,44.969586745827264,False
4500002997_00001,Record Goods Receipt -> Record Invoice Receipt,2018-04-10 12:05:34.008081020+00:00,270.5760837041684,True
4500012305_00001,Record Invoice Receipt -> Clear Invoice,2018-04-10 14:37:04.773845939+00:00,4.316843348120624,False
4500017705_00001,Record Goods Receipt -> Record Invoice Receipt,2018-04-10 20:36:33.154391757+00:00,49.435207111739224,True
4500019128_00001,Set Payment Block -> Remove Payment Block,2018-04-10 22:01:46.929095490+00:00,11.49818946575279,False
4500010953_00001,Record Invoice Receipt -> Clear Invoice,2018-04-11 02:05:12.484793054+00:00,1.5732090111158101,False
4500019227_00001,Record Invoice Receipt -> Clear Invoice,2018-04-11 02:51:46.738367413+00:00,10.697881004354398,False
4500004026_00001,Record Goods Receipt -> Record Invoice Receipt,2018-04-11 03:33:32.460527240+00:00,13.520739341539075,False
4500009159_00001,Create Purchase Order Item -> Record Goods Receipt,2018-04-11 08:21:43.396824893+00:00,78.20153689175085,True
4500012278_00001,Create Purchase Order Item -> Change Price,2018-04-11 10:55:06.001387512+00:00,21.784101266763333,False
4500006046_00001,Change Price -> Record Goods Receipt,2018-04-11 12:19:26.823572120+00:00,10.37598940833021,False
4500003861_00001,Record Invoice Receipt -> Clear Invoice,2018-04-11 12:48:46.413825071+00:00,8.334805100333739,False
4500003935_00001,Record Invoice Receipt -> Clear Invoice,2018-04-11 23:46:37.906559104+00:00,4.822189479718946,False
4500001816_00001,Record Invoice Receipt -> Clear Invoice,2018-04-12 01:26:20.361508629+00:00,3.0301765201841437,False
4500015435_00001,Create Purchase Order Item -> Record Goods Receipt,2018-04-12 08:07:58.434971954+00:00,42.66172199459958,False
4500014772_00001,Set Payment Block -> Remove Payment Block,2018-04-12 11:20:12.154930346+00:00,35.56928622756721,True
4500017455_00001,Create Purchase Order Item -> Record Goods Receipt,2018-04-12 18:30:03.634486688+00:00,187.20587333873408,True
4500014710_00001,Record Goods Receipt -> Record Goods Receipt,2018-04-12 19:09:23.213984312+00:00,19.450681422256515,False
4500019121_00001,Record Goods Receipt -> Record Invoice Receipt,2018-04-13 05:24:06.198288776+00:00,18.848414021066723,False
4500003122_00001,Create Purchase Order Item -> Record Goods Receipt,2018-04-13 05:31:09.571195510+00:00,41.19399981993898,False
4500007971_00001,Create Purchase Order Item -> Change Price,2018-04-13 14:36:38.061496065+00:00,27.39539492110823,False
4500012745_00001,Remove Payment Block -> Clear Invoice,2018-04-13 17:14:45.721259663+00:00,18.878321651137302,True
4500008915_00001,Create Purchase Order Item -> Record Goods Receipt,2018-04-14 01:24:11.121407093+00:00,32.896653527239366,False
4500017031_00001,Record Invoice Receipt -> Clear Invoice,2018-04-14 06:49:23.550404785+00:00,45.525958511071366,True
4500007148_00001,Create Purchase Order Item -> Record Goods Receipt,2018-04-14 14:16:25.204545471+00:00,33.205246026403984,False
4500019418_00001,Remove Payment Block -> Clear Invoice,2018-04-14 15:07:20.450036387+00:00,1.6211385641894906,False
4500003527_00001,Create Purchase Order Item -> Record Goods Receipt,2018-04-14 18:24:16.692088367+00:00,46.98324767791068,False
4500008444_00001,Create Purchase Order Item -> Record Goods Receipt,2018-04-15 06:59:44.633607721+00:00,73.68046574674236,True
4500007094_00001,Create Purchase Order Item -> Record Goods Receipt,2018-04-15 10:00:56.679350574+00:00,47.95276723940889,False
4500018470_00001,Record Invoice Receipt -> Clear Invoice,2018-04-15 11:14:30.008283908+00:00,4.625386967495949,False
4500004981_00001,Record Invoice Receipt -> Clear Invoice,2018-04-15 11:46:19.412369106+00:00,7.693435000661678,False
4500001082_00001,Create Purchase Order Item -> Record Goods Receipt,2018-04-15 15:18:42.973608111+00:00,23.45997582185538,False
4500008710_00001,Record Invoice Receipt -> Clear Invoice,2018-04-15 15:59:14.625572077+00:00,14.6552579583233,False
4500009287_00001,Record Goods Receipt -> Record Invoice Receipt,2018-04-15 17:25:19.236001924+00:00,14.167176560593287,False
4500016098_00001,Record Invoice Receipt -> Clear Invoice,2018-04-16 03:59:26.387838022+00:00,15.432156687615706,True
4500013164_00001,Record Goods Receipt -> Record Invoice Receipt,2018-04-16 11:35:31.611822045+00:00,18.121450160610046,False
4500016998_00001,Record Goods Receipt -> Record Invoice Receipt,2018-04-16 13:51:49.578348168+00:00,7.876635116903623,False
4500001744_00001,Record Goods Receipt -> Record Invoice Receipt,2018-04-16 14:37:27.991677125+00:00,10.969490563854826,False
4500012680_00001,Create Purchase Order Item -> Record Goods Receipt,2018-04-16 19:12:59.151189760+00:00,41.379264709372485,False
4500002297_00001,Record Invoice Receipt -> Clear Invoice,2018-04-16 21:11:04.398238252+00:00,14.14206084134685,False
4500014241_00001,Remove Payment Block -> Clear Invoice,2018-04-17 02:06:33.588443118+00:00,2.884396131872303,False
4500018662_00001,Set Payment Block -> Remove Payment Block,2018-04-17 05:17:37.619815592+00:00,80.74672567187064,True
4500000743_00001,Record Goods Receipt -> Record Invoice Receipt,2018-04-17 06:02:37.003494110+00:00,123.76373039152587,True
4500019244_00001,Create Purchase Order Item -> Record Goods Receipt,2018-04-17 06:19:15.090531872+00:00,37.95839348241537,False
4500008430_00001,Record Goods Receipt -> Record Goods Receipt,2018-04-17 10:06:44.825421894+00:00,117.4959645648339,True
4500001240_00001,Record Goods Receipt -> Record Invoice Receipt,2018-04-17 13:55:00.664537922+00:00,9.17322942265257,False
4500013719_00001,Record Goods Receipt -> Record Invoice Receipt,2018-04-17 15:39:05.445071269+00:00,41.08474859141169,False
4500015104_00001,Create Purchase Order Item -> Record Goods Receipt,2018-04-17 20:01:58.582232350+00:00,32.71041711719184,False
4500003150_00001,Create Purchase Order Item -> Record Goods Receipt,2018-04-17 20:47:59.907039509+00:00,41.81526368639001,False
4500009341_00001,Record Invoice Receipt -> Clear Invoice,2018-04-17 23:15:09.910796436+00:00,1.5224068388101273,False
4500015976_00001,Record Invoice Receipt -> Clear Invoice,2018-04-18 00:34:47.244438784+00:00,14.686126562905486,False
4500000166_00001,Create Purchase Order Item -> Record Goods Receipt,2018-04-18 04:25:18.806417953+00:00,8.35370295243183,False
4500005068_00001,Remove Payment Block -> Clear Invoice,2018-04-18 05:59:23.594414199+00:00,2.9260959469402894,False
4500007812_00001,Record Goods Receipt -> Record Invoice Receipt,2018-04-18 06:21:42.045183290+00:00,135.1019569122136,True
4500012042_00001,Create Purchase Order Item -> Record Goods Receipt,2018-04-18 12:22:39.507796424+00:00,40.8037298429774,False
4500009553_00001,Record Goods Receipt -> Record Invoice Receipt,2018-04-18 13:20:01.880267703+00:00,6.194050773085823,False
4500017099_00001,Create Purchase Order Item -> Record Goods Receipt,2018-04-18 13:49:22.861973689+00:00,44.38293351257096,False
4500006204_00001,Record Goods Receipt -> Record Invoice Receipt,2018-04-18 21:08:50.137123994+00:00,33.03980679100718,True
4500016682_00001,Record Goods Receipt -> Record Invoice Receipt,2018-04-18 22:00:12.928074230+00:00,16.83700526033339,False
4500015666_00001,Create Purchase Order Item -> Record Goods Receipt,2018-04-19 00:00:11.772844876+00:00,39.66146582903076,False
4500016974_00001,Create Purchase Order Item -> Change Price,2018-04-19 04:09:40.938720056+00:00,52.42026837909641,False
4500016461_00001,Record Invoice Receipt -> Clear Invoice,2018-04-19 10:43:44.598921987+00:00,11.220867141999966,False
4500017453_00001,Create Purchase Order Item -> Record Goods Receipt,2018-04-19 20:52:11.120763076+00:00,94.35061195866159,True
4500007963_00001,Record Goods Receipt -> Record Invoice Receipt,2018-04-19 23:25:54.585648344+00:00,23.267863443475324,False
4500005703_00001,Create Purchase Order Item -> Record Goods Receipt,2018-04-20 07:57:25.165125929+00:00,64.00812207688416,True
4500018484_00001,Record Invoice Receipt -> Clear Invoice,2018-04-20 10:49:38.064725578+00:00,10.44954528252228,False
4500008377_00001,Create Purchase Order Item -> Record Goods Receipt,2018-04-20 11:04:56.131255618+00:00,136.6724623086448,True
4500002826_00001,Create Purchase Order Item -> Record Goods Receipt,2018-04-20 12:00:06.392242026+00:00,55.311465228688796,False
4500007133_00001,Set Payment Block -> Remove Payment Block,2018-04-20 13:01:32.380875694+00:00,82.08823795412174,True
4500010440_00001,Record Invoice Receipt -> Clear Invoice,2018-04-20 20:13:45.850178413+00:00,2.6595801995341204,False
4500018008_00001,Create Purchase Order Item -> Record Goods Receipt,2018-04-21 04:56:40.762524526+00:00,77.55697120076618,True
4500011115_00001,Record Goods Receipt -> Record Goods Receipt,2018-04-21 05:56:24.366701890+00:00,13.810346906940278,False
4500017255_00001,Create Purchase Order Item -> Record Goods Receipt,2018-04-21 07:18:49.728882892+00:00,8.780122659638923,False
4500019365_00001,Create Purchase Order Item -> Record Goods Receipt,2018-04-21 07:59:25.021179534+00:00,29.38139174510589,False
4500003252_00001,Create Purchase Order Item -> Record Goods Receipt,2018-04-21 09:41:29.590438712+00:00,41.14439506835392,False
4500011590_00001,Record Invoice Receipt -> Clear Invoice,2018-04-21 11:48:23.878374198+00:00,5.109270044570115,False
4500001663_00001,Record Invoice Receipt -> Clear Invoice,2018-04-21 13:12:42.433096732+00:00,6.092735726700312,False
4500014540_00001,Create Purchase Order Item -> Record Goods Receipt,2018-04-21 13:42:03.798569787+00:00,44.4544459660469,False
4500001999_00001,Record Goods Receipt -> Record Invoice Receipt,2018-04-21 18:59:04.582068883+00:00,35.34016328413558,False
4500017488_00001,Record Goods Receipt -> Record Goods Receipt,2018-04-22 10:41:32.478862417+00:00,19.51047886221727,False
4500003142_00001,Record Goods Receipt -> Record Invoice Receipt,2018-04-22 12:05:56.060234806+00:00,11.923813666846804,False
4500010665_00001,Record Invoice Receipt -> Clear Invoice,2018-04-22 15:32:48.078336003+00:00,2.388628556402558,False
4500007541_00001,Record Goods Receipt -> Record Invoice Receipt,2018-04-22 17:47:34.398313468+00:00,43.1724971007945,True
4500015431_00001,Record Invoice Receipt -> Clear Invoice,2018-04-22 21:05:25.548818857+00:00,35.97077452339884,True
4500017647_00001,Record Goods Receipt -> Record Invoice Receipt,2018-04-22 23:45:52.949005407+00:00,57.88165102017156,True
4500011788_00001,Record Invoice Receipt -> Clear Invoice,2018-04-23 02:00:02.855477878+00:00,16.922236843638217,False
4500010768_00001,Record Goods Receipt -> Record Invoice Receipt,2018-04-23 03:20:04.837131359+00:00,28.903774354691333,False
4500004351_00001,Record Goods Receipt -> Record Invoice Receipt,2018-04-23 03:49:28.071107895+00:00,21.219964183296284,False
4500017626_00001,Create Purchase Order Item -> Record Goods Receipt,2018-04-23 05:31:15.755976441+00:00,32.69403240833183,False
4500009231_00001,Create Purchase Order Item -> Record Goods Receipt,2018-04-23 06:27:20.299501968+00:00,14.939032840007823,False
4500009887_00001,Record Invoice Receipt -> Clear Invoice,2018-04-23 07:26:06.014626227+00:00,42.99055731938698,True
4500004321_00001,Create Purchase Order Item -> Record Goods Receipt,2018-04-23 07:50:43.990228466+00:00,4.585155600623507,False
4500018159_00001,Remove Payment Block -> Clear Invoice,2018-04-23 18:51:19.401558043+00:00,0.8406609246860994,False
4500007751_00001,Create Purchase Order Item -> Record Goods Receipt,2018-04-23 23:21:14.802214900+00:00,46.84404833200363,False
4500010940_00001,Record Goods Receipt -> Record Invoice Receipt,2018-04-24 21:37:51.575215829+00:00,7.59837447150353,False
4500009771_00001,Create Purchase Order Item -> Change Price,2018-04-25 07:44:36.393575274+00:00,52.71916010062897,False
4500015534_00001,Record Invoice Receipt -> Clear Invoice,2018-04-25 16:42:06.652055853+00:00,13.674618014512557,False
4500008485_00001,Change Price -> Record Goods Receipt,2018-04-25 17:00:34.442667028+00:00,72.06027868002849,True
4500006352_00001,Create Purchase Order Item -> Record Goods Receipt,2018-04-25 21:33:13.394497394+00:00,110.69819705512495,True
4500018245_00001,Record Goods Receipt -> Record Invoice Receipt,2018-04-25 23:12:14.742921421+00:00,68.8616940165442,True
4500001083_00001,Record Goods Receipt -> Record Invoice Receipt,2018-04-26 05:28:24.215279909+00:00,13.43146822870889,False
4500001324_00001,Record Invoice Receipt -> Clear Invoice,2018-04-26 12:03:54.910492688+00:00,5.6428049829900235,False
4500016642_00001,Create Purchase Order Item -> Record Goods Receipt,2018-04-26 15:39:22.037764022+00:00,35.33671621209934,False
4500013996_00001,Record Invoice Receipt -> Clear Invoice,2018-04-26 21:29:27.941027279+00:00,11.134104791408912,False
4500009690_00001,Record Goods Receipt -> Record Invoice Receipt,2018-04-27 01:37:07.176217910+00:00,35.78989925781172,False
4500014254_00001,Record Invoice Receipt -> Set Payment Block,2018-04-27 02:15:47.397174946+00:00,12.35821761371508,False
4500005706_00001,Create Purchase Order Item -> Record Goods Receipt,2018-04-27 02:33:24.351368445+00:00,37.48907377596036,False
4500017727_00001,Create Purchase Order Item -> Record Goods Receipt,2018-04-27 06:35:41.276703822+00:00,24.7478617207097,False
4500014340_00001,Record Invoice Receipt -> Clear Invoice,2018-04-27 15:32:20.392070319+00:00,13.603200026286226,False
4500007613_00001,Set Payment Block -> Remove Payment Block,2018-04-27 18:14:22.463990796+00:00,16.337386611806146,False
4500018043_00001,Set Payment Block -> Remove Payment Block,2018-04-27 18:30:42.962103402+00:00,51.70751983645609,True
4500015335_00001,Record Invoice Receipt -> Clear Invoice,2018-04-27 19:53:39.078053520+00:00,11.137539901387905,False
4500015737_00001,Create Purchase Order Item -> Record Goods Receipt,2018-04-27 23:58:44.416831656+00:00,30.231534732122057,False
4500008812_00001,Create Purchase Order Item -> Record Goods Receipt,2018-04-28 06:02:24.887329195+00:00,66.87061312050571,True
4500005381_00001,Create Purchase Order Item -> Record Goods Receipt,2018-04-28 06:41:21.574114545+00:00,38.23688720832127,False
4500019602_00001,Record Goods Receipt -> Record Invoice Receipt,2018-04-28 08:58:03.231328760+00:00,62.809991615323405,True
4500001280_00001,Create Purchase Order Item -> Record Goods Receipt,2018-04-28 09:23:31.366593683+00:00,27.007774213959976,False
4500009766_00001,Create Purchase Order Item -> Record Goods Receipt,2018-04-28 15:09:18.949951361+00:00,84.61220234737812,True
4500018414_00001,Record Invoice Receipt -> Clear Invoice,2018-04-28 18:55:30.274282074+00:00,41.51761700413094,True
4500008020_00001,Record Goods Receipt -> Record Invoice Receipt,2018-04-28 20:10:18.563060499+00:00,25.261361593984155,False
4500018477_00001,Create Purchase Order Item -> Record Goods Receipt,2018-04-28 21:57:43.035498768+00:00,71.57940982930599,True
4500005317_00001,Record Invoice Receipt -> Set Payment Block,2018-04-28 23:13:26.814003380+00:00,14.326483194927235,False
4500019332_00001,Record Invoice Receipt -> Clear Invoice,2018-04-28 23:54:55.679778296+00:00,2.8315478639713656,False
4500012790_00001,Record Invoice Receipt -> Set Payment Block,2018-04-29 01:20:11.139565314+00:00,39.45051374476499,False
4500012036_00001,Create Purchase Order Item -> Record Goods Receipt,2018-04-29 09:18:50.651669145+00:00,77.30177131473124,True
4500010750_00001,Record Invoice Receipt -> Clear Invoice,2018-04-29 10:28:02.379967614+00:00,1.691949196808426,False
4500012854_00001,Create Purchase Order Item -> Change Price,2018-04-29 12:12:49.455080874+00:00,12.769444132709943,False
4500017198_00001,Record Goods Receipt -> Record Invoice Receipt,2018-04-29 13:07:05.754435310+00:00,16.058047027609074,False
4500018636_00001,Record Invoice Receipt -> Clear Invoice,2018-04-29 15:46:14.497337920+00:00,3.7938307769006485,False
4500005187_00001,Record Invoice Receipt -> Clear Invoice,2018-04-29 17:13:13.713726224+00:00,6.176427761286076,False
4500002637_00001,Remove Payment Block -> Clear Invoice,2018-04-29 22:42:02.364154018+00:00,17.787525989399988,False
4500005565_00001,Record Goods Receipt -> Record Invoice Receipt,2018-04-29 23:10:01.938669095+00:00,19.247955859302778,False
4500010458_00001,Record Goods Receipt -> Record Invoice Receipt,2018-04-30 04:08:10.903339207+00:00,51.998710364492844,True
4500009272_00001,Record Goods Receipt -> Record Invoice Receipt,2018-04-30 12:06:09.424983981+00:00,15.187253659192892,False
4500015796_00001,Create Purchase Order Item -> Record Goods Receipt,2018-04-30 16:00:31.313811213+00:00,30.298861993352002,False
4500012285_00001,Create Purchase Order Item -> Record Goods Receipt,2018-04-30 19:34:50.814754141+00:00,46.02445718075417,False
4500018449_00001,Create Purchase Order Item -> Record Goods Receipt,2018-05-01 13:05:58.243150542+00:00,137.41216676526776,True
4500001781_00001,Create Purchase Order Item -> Record Goods Receipt,2018-05-01 20:01:48.698783586+00:00,38.17725343889309,False
4500003636_00001,Create Purchase Order Item -> Record Goods Receipt,2018-05-01 22:58:26.157717776+00:00,34.67510568413919,False
4500003362_00001,Record Goods Receipt -> Record Invoice Receipt,2018-05-02 05:02:20.642343942+00:00,51.207457452829104,True
4500000214_00001,Record Invoice Receipt -> Set Payment Block,2018-05-02 06:38:36.243658831+00:00,18.309573464714187,False
4500000380_00001,Create Purchase Order Item -> Record Goods Receipt,2018-05-02 08:01:21.155226661+00:00,15.149306219512418,False
4500007620_00001,Create Purchase Order Item -> Record Goods Receipt,2018-05-02 10:06:14.892530641+00:00,34.98624535174932,False
4500009561_00001,Create Purchase Order Item -> Record Goods Receipt,2018-05-02 12:07:40.362533044+00:00,32.21267350133998,False
4500006650_00001,Record Invoice Receipt -> Clear Invoice,2018-05-02 17:58:31.439960814+00:00,1.4489547790162385,False
4500019655_00001,Record Goods Receipt -> Record Goods Receipt,2018-05-02 19:13:43.043207193+00:00,69.60831720891471,True
4500018725_00001,Record Invoice Receipt -> Clear Invoice,2018-05-03 01:29:13.166578895+00:00,18.680142014625602,True
4500009166_00001,Set Payment Block -> Remove Payment Block,2018-05-03 12:29:12.354577093+00:00,35.56310792444366,True
4500014218_00001,Create Purchase Order Item -> Record Goods Receipt,2018-05-03 12:59:45.315259913+00:00,127.73151471070365,True
4500011217_00001,Record Goods Receipt -> Record Invoice Receipt,2018-05-03 17:00:32.396416365+00:00,25.952240699199006,False
4500002212_00001,Record Goods Receipt -> Record Invoice Receipt,2018-05-03 18:40:32.919495973+00:00,66.07609848876213,True
4500015440_00001,Record Goods Receipt -> Record Invoice Receipt,2018-05-03 19:16:53.743113113+00:00,13.330561537274399,False
4500017299_00001,Record Goods Receipt -> Record Invoice Receipt,2018-05-03 19:47:20.662959894+00:00,34.974447118797514,False
4500014792_00001,Create Purchase Order Item -> Record Goods Receipt,2018-05-03 20:03:26.376428407+00:00,59.49566306466487,True
4500005999_00001,Record Invoice Receipt -> Clear Invoice,2018-05-04 00:42:23.519993537+00:00,11.133440774641274,False
4500000125_00001,Create Purchase Order Item -> Change Price,2018-05-04 03:29:54.761029676+00:00,41.444967707145025,False
4500006563_00001,Record Invoice Receipt -> Clear Invoice,2018-05-04 17:11:02.619179105+00:00,24.41906883703308,False
4500013654_00001,Record Goods Receipt -> Record Invoice Receipt,2018-05-05 07:26:47.708630702+00:00,37.53385138153575,False
4500001835_00001,Create Purchase Order Item -> Record Goods Receipt,2018-05-05 10:07:31.055154210+00:00,28.585269921575822,False
4500006461_00001,Record Invoice Receipt -> Clear Invoice,2018-05-05 17:01:50.075595432+00:00,46.54039279119301,True
4500008661_00001,Create Purchase Order Item -> Record Goods Receipt,2018-05-05 21:25:49.540443903+00:00,34.79268395367862,False
4500008219_00001,Create Purchase Order Item -> Record Goods Receipt,2018-05-06 10:15:53.269346307+00:00,22.64794556567715,False
4500014503_00001,Change Price -> Record Goods Receipt,2018-05-06 11:47:11.349909466+00:00,30.48181967288633,False
4500010467_00001,Record Goods Receipt -> Record Invoice Receipt,2018-05-06 16:02:19.730812164+00:00,40.851271106858995,True
4500011429_00001,Create Purchase Order Item -> Record Goods Receipt,2018-05-06 17:27:00.570804183+00:00,119.1863492404688,True
4500008015_00001,Set Payment Block -> Remove Payment Block,2018-05-06 17:55:06.843925228+00:00,17.016250773713033,True
4500001188_00001,Change Price -> Record Goods Receipt,2018-05-06 21:56:25.084325167+00:00,33.654555333573356,False
4500011696_00001,Record Goods Receipt -> Record Goods Receipt,2018-05-07 07:54:15.125425023+00:00,69.29451453943459,True
4500007944_00001,Create Purchase Order Item -> Change Price,2018-05-07 15:37:30.509489542+00:00,152.68569670446587,True
4500007057_00001,Record Goods Receipt -> Record Invoice Receipt,2018-05-07 15:41:32.198758771+00:00,10.063855130332708,False
4500012522_00001,Record Goods Receipt -> Record Invoice Receipt,2018-05-07 16:21:36.682411705+00:00,19.73051060872185,False
4500005677_00001,Create Purchase Order Item -> Record Goods Receipt,2018-05-07 18:17:10.970510927+00:00,42.676082275649065,False
4500016660_00001,Create Purchase Order Item -> Change Price,2018-05-07 21:21:15.521415038+00:00,93.90550292448822,True
4500015946_00001,Create Purchase Order Item -> Record Goods Receipt,2018-05-07 21:24:19.657201965+00:00,47.639100388139354,False
4500001708_00001,Remove Payment Block -> Clear Invoice,2018-05-08 00:48:15.491442938+00:00,6.368977964990683,False
4500005100_00001,Record Goods Receipt -> Record Invoice Receipt,2018-05-08 02:40:39.701017632+00:00,74.61977409989784,True
4500004768_00001,Record Goods Receipt -> Record Invoice Receipt,2018-05-08 07:22:20.093385451+00:00,18.576824817484134,False
4500014664_00001,Create Purchase Order Item -> Record Goods Receipt,2018-05-09 04:23:31.663311809+00:00,81.70165988120777,True
4500000631_00001,Create Purchase Order Item -> Record Goods Receipt,2018-05-09 04:25:14.479189665+00:00,10.430717572657743,False
4500004858_00001,Record Goods Receipt -> Record Invoice Receipt,2018-05-09 09:31:39.369996413+00:00,9.588688527766575,False
4500004085_00001,Create Purchase Order Item -> Record Goods Receipt,2018-05-09 17:41:57.769808703+00:00,34.85764163058161,False
4500014161_00001,Create Purchase Order Item -> Change Price,2018-05-09 22:21:42.702779168+00:00,51.2970340894163,False
4500013079_00001,Create Purchase Order Item -> Change Price,2018-05-10 09:02:23.139594530+00:00,31.063067414593707,False
4500009647_00001,Record Invoice Receipt -> Clear Invoice,2018-05-10 12:23:48.409780986+00:00,25.343721980215136,True
4500012947_00001,Change Price -> Record Goods Receipt,2018-05-10 18:28:02.678883218+00:00,35.409318696163474,False
4500003385_00001,Record Goods Receipt -> Record Invoice Receipt,2018-05-11 03:52:59.080143962+00:00,19.211428742217116,False
4500009326_00001,Create Purchase Order Item -> Record Goods Receipt,2018-05-11 06:30:00.787836007+00:00,15.821029310746018,False
4500003002_00001,Change Price -> Record Goods Receipt,2018-05-11 22:14:03.283155593+00:00,54.91437060549574,True
4500014273_00001,Record Invoice Receipt -> Clear Invoice,2018-05-12 01:23:25.946347814+00:00,3.1241939551016786,False
4500004539_00001,Create Purchase Order Item -> Record Goods Receipt,2018-05-12 02:40:54.149876567+00:00,72.60440848676762,True
4500004251_00001,Create Purchase Order Item -> Record Goods Receipt,2018-05-12 09:44:12.069911669+00:00,30.79308425477456,False
4500004617_00001,Create Purchase Order Item -> Record Goods Receipt,2018-05-12 18:19:58.260195713+00:00,82.579426301961,True
4500017505_00001,Record Invoice Receipt -> Set Payment Block,2018-05-12 21:35:52.340782443+00:00,12.457093403182546,False
4500000547_00001,Record Invoice Receipt -> Clear Invoice,2018-05-12 22:15:17.922896399+00:00,11.929553901109307,False
4500014811_00001,Record Invoice Receipt -> Clear Invoice,2018-05-12 23:07:53.517226753+00:00,20.990990088449145,False
4500006594_00001,Record Goods Receipt -> Record Invoice Receipt,2018-05-13 05:51:39.875969763+00:00,24.867647228860797,False
4500015324_00001,Create Purchase Order Item -> Change Price,2018-05-13 07:21:32.200238822+00:00,30.913072650009546,False
4500007399_00001,Create Purchase Order Item -> Change Price,2018-05-13 08:54:14.786746094+00:00,51.78605936275054,False
4500014657_00001,Set Payment Block -> Remove Payment Block,2018-05-13 16:12:11.845414086+00:00,7.890682287051666,False
4500019179_00001,Record Invoice Receipt -> Clear Invoice,2018-05-13 16:25:10.832718741+00:00,16.782701963093274,True
4500018004_00001,Set Payment Block -> Remove Payment Block,2018-05-13 16:40:42.767755792+00:00,15.002557222175534,False
4500002317_00001,Create Purchase Order Item -> Record Goods Receipt,2018-05-13 22:02:05.092453583+00:00,31.835763181397233,False
4500000494_00001,Record Invoice Receipt -> Clear Invoice,2018-05-14 01:29:04.087707211+00:00,0.6018480995934143,False
4500013287_00001,Create Purchase Order Item -> Record Goods Receipt,2018-05-14 04:15:08.682600647+00:00,22.094885788025774,False
4500016407_00001,Change Price -> Record Goods Receipt,2018-05-14 11:49:18.581848325+00:00,100.77606479868646,True
4500006768_00001,Set Payment Block -> Remove Payment Block,2018-05-14 14:51:51.529061310+00:00,24.409806189860312,True
4500013832_00001,Record Goods Receipt -> Record Invoice Receipt,2018-05-14 16:26:48.412636989+00:00,50.80528501148493,True
4500012258_00001,Record Invoice Receipt -> Set Payment Block,2018-05-14 19:49:36.523470744+00:00,18.447665163128484,False
4500007412_00001,Remove Payment Block -> Clear Invoice,2018-05-15 02:34:17.550652639+00:00,17.47184879105117,False
4500015774_00001,Record Invoice Receipt -> Clear Invoice,2018-05-15 02:37:55.892922462+00:00,8.411448306256089,False
4500007884_00001,Create Purchase Order Item -> Change Price,2018-05-15 06:54:42.269305736+00:00,59.769460548599085,False
4500018630_00001,Create Purchase Order Item -> Record Goods Receipt,2018-05-15 09:37:25.788287287+00:00,34.81503377266793,False
4500016946_00001,Record Invoice Receipt -> Clear Invoice,2018-05-15 13:27:51.210681716+00:00,7.641058578288356,False
4500014917_00001,Create Purchase Order Item -> Record Goods Receipt,2018-05-15 20:33:47.394317687+00:00,25.505509407689903,False
4500016289_00001,Record Goods Receipt -> Record Invoice Receipt,2018-05-15 22:46:05.983491381+00:00,52.714665807049705,True
4500011628_00001,Change Price -> Record Goods Receipt,2018-05-16 01:09:05.154892757+00:00,33.382381681858554,False
4500011367_00001,Create Purchase Order Item -> Record Goods Receipt,2018-05-16 04:29:19.213868907+00:00,52.017285783764606,False
4500019102_00001,Record Goods Receipt -> Record Invoice Receipt,2018-05-16 05:50:26.714925900+00:00,7.3826155803642015,False
4500013058_00001,Create Purchase Order Item -> Record Goods Receipt,2018-05-16 09:40:50.408564153+00:00,43.04652064878389,False
4500013109_00001,Record Goods Receipt -> Record Invoice Receipt,2018-05-16 13:37:00.376666901+00:00,30.502600448784285,False
4500013139_00001,Record Goods Receipt -> Record Invoice Receipt,2018-05-16 16:50:05.822864040+00:00,79.9826478368499,True
4500001067_00001,Create Purchase Order Item -> Record Goods Receipt,2018-05-17 05:40:06.000400581+00:00,38.36751994764288,False
4500008156_00001,Record Invoice Receipt -> Clear Invoice,2018-05-17 12:08:34.838282078+00:00,0.9242653620307176,False
4500010646_00001,Create Purchase Order Item -> Record Goods Receipt,2018-05-17 19:32:39.427693941+00:00,16.752918492156482,False
4500017550_00001,Record Invoice Receipt -> Clear Invoice,2018-05-18 01:15:10.628312289+00:00,22.90423966828064,False
4500007791_00001,Create Purchase Order Item -> Record Goods Receipt,2018-05-18 04:26:41.566974545+00:00,48.35560225224941,False
4500016607_00001,Record Goods Receipt -> Record Invoice Receipt,2018-05-18 06:09:08.200691070+00:00,20.596508593768206,False
4500015904_00001,Create Purchase Order Item -> Record Goods Receipt,2018-05-18 11:22:01.218373469+00:00,65.79809308897394,True
4500008793_00001,Create Purchase Order Item -> Change Price,2018-05-18 12:23:30.636031506+00:00,51.34815530284484,False
4500017596_00001,Record Goods Receipt -> Record Invoice Receipt,2018-05-18 13:47:49.585194543+00:00,69.57314272918073,True
4500013273_00001,Record Goods Receipt -> Record Invoice Receipt,2018-05-18 14:17:56.955668435+00:00,14.659459132264237,False
4500009582_00001,Create Purchase Order Item -> Record Goods Receipt,2018-05-18 20:28:52.509341299+00:00,83.90309475230791,True
4500013500_00001,Set Payment Block -> Remove Payment Block,2018-05-18 20:46:16.774112912+00:00,224.47877076267818,True
4500018425_00001,Change Price -> Record Goods Receipt,2018-05-18 21:30:18.409924393+00:00,47.23893506886146,False
4500015209_00001,Record Goods Receipt -> Record Invoice Receipt,2018-05-18 21:47:15.684483463+00:00,37.195366791153106,True
4500004074_00001,Create Purchase Order Item -> Record Goods Receipt,2018-05-18 23:09:51.372604023+00:00,18.351615197195603,False
4500018426_00001,Create Purchase Order Item -> Record Goods Receipt,2018-05-19 00:33:02.895308935+00:00,28.84663399121097,False
4500004978_00001,Create Purchase Order Item -> Record Goods Receipt,2018-05-19 00:57:51.674108575+00:00,46.21792916240253,False
4500012881_00001,Record Invoice Receipt -> Set Payment Block,2018-05-19 01:13:44.195585041+00:00,106.1672787618199,True
4500008545_00001,Record Goods Receipt -> Record Invoice Receipt,2018-05-19 03:35:37.936247246+00:00,45.71038684611737,True
4500000754_00001,Create Purchase Order Item -> Change Price,2018-05-19 08:58:12.997270148+00:00,76.74207065595982,True
4500011080_00001,Remove Payment Block -> Clear Invoice,2018-05-19 11:12:27.781282073+00:00,3.585412672646979,True
4500008607_00001,Record Goods Receipt -> Record Invoice Receipt,2018-05-19 14:53:23.554242379+00:00,15.358862518754028,False
4500017289_00001,Record Invoice Receipt -> Clear Invoice,2018-05-19 21:49:13.354071937+00:00,0.5924638736832987,False
4500009268_00001,Change Price -> Record Goods Receipt,2018-05-20 07:11:35.546627275+00:00,83.88344354529333,True
4500002234_00001,Create Purchase Order Item -> Record Goods Receipt,2018-05-20 07:43:40.591151003+00:00,94.38687066489867,True
4500008847_00001,Record Invoice Receipt -> Clear Invoice,2018-05-20 13:05:12.713659305+00:00,15.844545796091921,False
4500017218_00001,Record Invoice Receipt -> Clear Invoice,2018-05-20 14:03:13.871481340+00:00,1.8745775020181712,False
4500006825_00001,Set Payment Block -> Remove Payment Block,2018-05-20 14:11:47.092060857+00:00,51.491969930700776,True
4500013233_00001,Record Goods Receipt -> Record Invoice Receipt,2018-05-20 16:53:52.842719968+00:00,106.61879561688764,True
4500009452_00001,Create Purchase Order Item -> Record Goods Receipt,2018-05-20 22:28:55.842846331+00:00,41.91691605918319,False
4500016540_00001,Set Payment Block -> Remove Payment Block,2018-05-21 00:50:07.873061257+00:00,15.95774507868522,False
4500006045_00001,Create Purchase Order Item -> Record Goods Receipt,2018-05-21 06:12:58.188322125+00:00,15.199216837050406,False
4500013378_00001,Record Invoice Receipt -> Clear Invoice,2018-05-21 06:26:43.454931803+00:00,1.0777186831094676,False
4500010828_00001,Record Goods Receipt -> Record Invoice Receipt,2018-05-21 09:48:24.099771607+00:00,31.43198046012458,False
4500006942_00001,Create Purchase Order Item -> Record Goods Receipt,2018-05-21 10:21:48.115054219+00:00,112.16046567707764,True
4500016386_00001,Change Price -> Record Goods Receipt,2018-05-21 10:29:48.968185896+00:00,35.20800390516353,False
4500017813_00001,Create Purchase Order Item -> Record Goods Receipt,2018-05-21 14:20:31.489761839+00:00,51.03680181444296,False
4500016791_00001,Record Invoice Receipt -> Set Payment Block,2018-05-21 16:38:33.385848556+00:00,98.94295529845996,True
4500018685_00001,Record Invoice Receipt -> Clear Invoice,2018-05-22 09:12:53.740459216+00:00,11.139019230734016,False
4500001805_00001,Record Goods Receipt -> Record Invoice Receipt,2018-05-22 09:52:48.379813769+00:00,79.71410556354344,True
4500010900_00001,Record Goods Receipt -> Record Invoice Receipt,2018-05-22 19:07:47.524726470+00:00,32.13364235605689,True
4500016236_00001,Record Goods Receipt -> Record Invoice Receipt,2018-05-22 20:02:46.396655732+00:00,44.802621337958946,True
4500011325_00001,Record Goods Receipt -> Record Invoice Receipt,2018-05-23 00:01:31.391793146+00:00,323.17001226148136,True
4500019986_00001,Record Invoice Receipt -> Clear Invoice,2018-05-23 00:49:59.203799546+00:00,20.208944310448775,False
4500015487_00001,Record Goods Receipt -> Record Invoice Receipt,2018-05-23 04:02:12.398349760+00:00,9.63329945510661,False
4500006742_00001,Create Purchase Order Item -> Record Goods Receipt,2018-05-23 09:14:20.249587413+00:00,27.661493402311194,False
4500008617_00001,Record Goods Receipt -> Record Invoice Receipt,2018-05-23 12:58:34.793098149+00:00,35.88660856222532,False
4500011819_00001,Create Purchase Order Item -> Record Goods Receipt,2018-05-23 17:54:14.612444479+00:00,41.91257874106218,False
4500009478_00001,Record Goods Receipt -> Record Invoice Receipt,2018-05-23 17:54:50.492623304+00:00,66.92021042198827,True
4500019777_00001,Set Payment Block -> Remove Payment Block,2018-05-23 23:24:46.452251200+00:00,23.187403279641238,True
4500008998_00001,Record Goods Receipt -> Record Invoice Receipt,2018-05-24 01:51:16.553429224+00:00,7.87524213084603,False
4500012467_00001,Record Invoice Receipt -> Clear Invoice,2018-05-24 09:56:59.814595209+00:00,18.835004560303727,False
4500003434_00001,Create Purchase Order Item -> Record Goods Receipt,2018-05-24 18:19:40.706071739+00:00,42.475358439123795,False
4500007741_00001,Record Goods Receipt -> Record Goods Receipt,2018-05-25 00:32:58.939138266+00:00,58.29333256234832,True
4500003626_00001,Create Purchase Order Item -> Record Goods Receipt,2018-05-25 02:15:33.935315455+00:00,93.14994003481551,True
4500000785_00001,Record Goods Receipt -> Record Invoice Receipt,2018-05-25 03:59:57.739914137+00:00,34.107205840877796,False
4500005522_00001,Create Purchase Order Item -> Record Goods Receipt,2018-05-25 09:50:58.381176433+00:00,41.71268485629748,False
4500015686_00001,Record Goods Receipt -> Record Invoice Receipt,2018-05-25 10:59:28.833989889+00:00,16.14758821315765,False
4500017643_00001,Record Goods Receipt -> Record Invoice Receipt,2018-05-25 16:29:23.756632362+00:00,27.634809423043134,False
4500006078_00001,Create Purchase Order Item -> Record Goods Receipt,2018-05-25 17:48:01.808623881+00:00,28.48373464096985,False
4500011859_00001,Create Purchase Order Item -> Record Goods Receipt,2018-05-25 18:13:02.997127359+00:00,31.068375251290682,False
4500002117_00001,Record Invoice Receipt -> Clear Invoice,2018-05-25 22:03:12.183475599+00:00,0.6699175227333912,False
4500018366_00001,Create Purchase Order Item -> Record Goods Receipt,2018-05-26 03:31:07.862823921+00:00,51.5323401595183,False
4500016171_00001,Record Goods Receipt -> Record Invoice Receipt,2018-05-26 05:42:04.728896654+00:00,16.116308186696852,False
4500015140_00001,Create Purchase Order Item -> Record Goods Receipt,2018-05-26 11:23:41.619103899+00:00,51.925771369286394,False
4500011200_00001,Create Purchase Order Item -> Change Price,2018-05-26 18:20:25.148266182+00:00,31.741211919044456,False
4500004749_00001,Record Invoice Receipt -> Clear Invoice,2018-05-26 22:07:06.412778976+00:00,271.6792983957742,True
4500018293_00001,Record Invoice Receipt -> Clear Invoice,2018-05-27 01:52:14.063838053+00:00,1.8716144968294444,False
4500009393_00001,Record Goods Receipt -> Record Invoice Receipt,2018-05-27 06:56:44.184992002+00:00,26.24870810943392,False
4500017312_00001,Create Purchase Order Item -> Record Goods Receipt,2018-05-27 10:34:43.048758613+00:00,56.76182026485741,False
4500002178_00001,Create Purchase Order Item -> Record Goods Receipt,2018-05-27 14:06:39.907234811+00:00,8.323482106009665,False
4500019730_00001,Record Goods Receipt -> Record Invoice Receipt,2018-05-27 16:02:45.157608033+00:00,54.7794865292671,True
4500019830_00001,Record Invoice Receipt -> Clear Invoice,2018-05-27 21:06:34.687352221+00:00,39.47592521810948,True
4500015099_00001,Create Purchase Order Item -> Record Goods Receipt,2018-05-28 02:09:26.554703357+00:00,70.46363431130928,True
4500010541_00001,Create Purchase Order Item -> Record Goods Receipt,2018-05-28 08:26:55.970701751+00:00,22.713547464799188,False
4500008810_00001,Record Goods Receipt -> Record Invoice Receipt,2018-05-28 14:26:12.296982998+00:00,31.27421286145818,False
4500015254_00001,Create Purchase Order Item -> Record Goods Receipt,2018-05-28 16:50:59.650605949+00:00,74.89914999394551,True
4500013480_00001,Record Goods Receipt -> Record Invoice Receipt,2018-05-28 20:11:37.204026231+00:00,18.844265579229457,False
4500009697_00001,Record Goods Receipt -> Record Invoice Receipt,2018-05-29 07:06:16.420526467+00:00,89.46994874208582,True
4500005301_00001,Create Purchase Order Item -> Change Price,2018-05-29 09:21:18.969775428+00:00,47.48868609206478,False
4500000786_00001,Record Invoice Receipt -> Clear Invoice,2018-05-29 12:04:49.309370055+00:00,0.8711232914283334,False
4500006512_00001,Create Purchase Order Item -> Record Goods Receipt,2018-05-29 14:10:24.347708653+00:00,84.39560832113416,True
4500004943_00001,Record Goods Receipt -> Record Invoice Receipt,2018-05-30 01:06:26.712691959+00:00,62.37607934938323,True
4500012657_00001,Record Goods Receipt -> Record Invoice Receipt,2018-05-30 05:21:45.332850878+00:00,17.19085866831168,False
4500016186_00001,Record Goods Receipt -> Record Invoice Receipt,2018-05-30 16:00:43.265935457+00:00,16.199630711679653,False
4500006062_00001,Create Purchase Order Item -> Record Goods Receipt,2018-05-30 16:20:59.111315819+00:00,14.2368825913158,False
4500003218_00001,Create Purchase Order Item -> Change Price,2018-05-31 04:35:14.799162338+00:00,35.08439087948786,False
4500010661_00001,Record Invoice Receipt -> Clear Invoice,2018-05-31 05:34:28.478266802+00:00,19.174227628838022,False
4500005272_00001,Create Purchase Order Item -> Record Goods Receipt,2018-05-31 09:47:05.946392741+00:00,48.59347712300092,False
4500019871_00001,Record Invoice Receipt -> Clear Invoice,2018-05-31 12:33:49.171521877+00:00,13.482447567172317,False
4500018940_00001,Change Price -> Record Goods Receipt,2018-06-01 12:09:08.747669191+00:00,34.16860993773304,False
4500019190_00001,Record Goods Receipt -> Record Invoice Receipt,2018-06-01 15:20:16.869442298+00:00,42.22327079914605,False
4500013753_00001,Record Invoice Receipt -> Clear Invoice,2018-06-01 19:08:04.061139262+00:00,7.548614247496204,False
4500012871_00001,Create Purchase Order Item -> Record Goods Receipt,2018-06-01 23:32:48.762136317+00:00,58.42783671476846,True
4500013165_00001,Record Invoice Receipt -> Clear Invoice,2018-06-02 02:54:32.842336693+00:00,4.144354405803021,False
4500011808_00001,Record Invoice Receipt -> Clear Invoice,2018-06-02 03:01:04.709723704+00:00,1.1074794290940972,False
4500005380_00001,Record Invoice Receipt -> Clear Invoice,2018-06-02 07:26:01.616124794+00:00,10.908494268043924,False
4500016041_00001,Create Purchase Order Item -> Record Goods Receipt,2018-06-02 07:59:53.779778419+00:00,59.71952595587169,True
4500002184_00001,Record Goods Receipt -> Record Invoice Receipt,2018-06-02 13:31:57.634450457+00:00,19.34697147508057,False
4500010433_00001,Create Purchase Order Item -> Record Goods Receipt,2018-06-02 13:54:14.386881479+00:00,45.600957322252555,False
4500012503_00001,Create Purchase Order Item -> Record Goods Receipt,2018-06-02 14:20:26.869156713+00:00,124.78813707090735,True
4500002417_00001,Record Invoice Receipt -> Clear Invoice,2018-06-02 21:02:24.527136561+00:00,29.004032680324862,False
4500002760_00001,Create Purchase Order Item -> Record Goods Receipt,2018-06-02 21:26:52.017547545+00:00,83.37048645591258,True
4500006870_00001,Create Purchase Order Item -> Record Goods Receipt,2018-06-02 23:08:35.289597929+00:00,41.87759295200449,False
4500008739_00001,Create Purchase Order Item -> Record Goods Receipt,2018-06-03 00:07:50.031761661+00:00,58.09897779806528,True
4500019989_00001,Create Purchase Order Item -> Record Goods Receipt,2018-06-03 02:01:31.895297395+00:00,52.094025457997134,False
4500018542_00001,Record Goods Receipt -> Record Invoice Receipt,2018-06-03 02:58:58.023824567+00:00,48.24583992185758,True
4500009437_00001,Record Goods Receipt -> Record Invoice Receipt,2018-06-03 03:50:18.899205490+00:00,51.99017323367593,True
4500004741_00001,Create Purchase Order Item -> Change Price,2018-06-03 04:35:38.224009174+00:00,52.566429916545445,False
4500017052_00001,Create Purchase Order Item -> Record Goods Receipt,2018-06-03 05:53:16.202241783+00:00,48.65154750811498,False
4500014408_00001,Record Invoice Receipt -> Clear Invoice,2018-06-03 06:16:47.182881590+00:00,6.7173103611956835,False
4500006495_00001,Record Goods Receipt -> Record Invoice Receipt,2018-06-03 08:03:57.191240881+00:00,20.274829500548577,False
4500005899_00001,Record Goods Receipt -> Record Invoice Receipt,2018-06-03 12:54:47.154752749+00:00,27.10801391367176,False
4500018170_00001,Set Payment Block -> Remove Payment Block,2018-06-03 14:30:49.370352883+00:00,17.10737100231691,False
4500009302_00001,Create Purchase Order Item -> Record Goods Receipt,2018-06-04 11:21:04.810259543+00:00,47.27038623981427,False
4500016608_00001,Create Purchase Order Item -> Record Goods Receipt,2018-06-04 12:16:15.758417225+00:00,23.22080967580295,False
4500004333_00001,Create Purchase Order Item -> Change Price,2018-06-04 21:12:08.561117046+00:00,15.37288706934067,False
4500013180_00001,Create Purchase Order Item -> Record Goods Receipt,2018-06-05 09:06:05.490156335+00:00,94.50612700350811,True
4500008993_00001,Create Purchase Order Item -> Record Goods Receipt,2018-06-06 07:09:54.818832541+00:00,48.64251381132398,False
4500009934_00001,Create Purchase Order Item -> Record Goods Receipt,2018-06-06 16:52:27.633322901+00:00,44.56972845804546,False
4500003371_00001,Record Invoice Receipt -> Clear Invoice,2018-06-06 22:25:53.425215535+00:00,8.644772189482106,False
4500015609_00001,Record Goods Receipt -> Record Goods Receipt,2018-06-07 02:02:25.261325196+00:00,25.454995093850716,False
4500017144_00001,Record Invoice Receipt -> Clear Invoice,2018-06-07 05:48:07.753263380+00:00,25.52504495272683,True
4500012968_00001,Record Goods Receipt -> Record Invoice Receipt,2018-06-07 06:50:21.358907592+00:00,47.20558093532946,True
4500015548_00001,Create Purchase Order Item -> Record Goods Receipt,2018-06-07 07:54:26.244930463+00:00,41.14321983205823,False
4500009162_00001,Create Purchase Order Item -> Record Goods Receipt,2018-06-07 10:00:18.815465453+00:00,56.7551771309528,False
4500002426_00001,Create Purchase Order Item -> Record Goods Receipt,2018-06-07 10:55:09.593823361+00:00,29.834757196746715,False
4500001334_00001,Create Purchase Order Item -> Record Goods Receipt,2018-06-07 11:05:51.473725493+00:00,84.86191383722674,True
4500018209_00001,Create Purchase Order Item -> Record Goods Receipt,2018-06-07 14:01:45.241891169+00:00,38.9329902877102,False
4500001020_00001,Create Purchase Order Item -> Record Goods Receipt,2018-06-07 17:51:04.367813689+00:00,40.23615367480322,False
4500009797_00001,Remove Payment Block -> Clear Invoice,2018-06-08 06:40:30.962307969+00:00,32.98122202818465,True
4500003947_00001,Record Invoice Receipt -> Clear Invoice,2018-06-08 08:00:00.424183378+00:00,8.000079839675914,False
4500017419_00001,Record Invoice Receipt -> Set Payment Block,2018-06-09 03:03:01.671858955+00:00,38.26951236586668,False
4500010381_00001,Create Purchase Order Item -> Record Goods Receipt,2018-06-09 12:50:24.265072569+00:00,70.57652597652097,True
4500015306_00001,Record Invoice Receipt -> Clear Invoice,2018-06-09 13:44:41.597325485+00:00,92.55882556903111,True
4500012628_00001,Record Goods Receipt -> Record Invoice Receipt,2018-06-09 18:22:58.344349085+00:00,8.326031878932003,False
4500016374_00001,Record Goods Receipt -> Record Invoice Receipt,2018-06-09 22:48:01.784466256+00:00,56.72827490492874,True
4500019969_00001,Create Purchase Order Item -> Change Price,2018-06-10 02:23:50.701352606+00:00,36.522040496859894,False
4500013065_00001,Record Goods Receipt -> Record Invoice Receipt,2018-06-10 03:53:54.736089301+00:00,28.280564379576877,False
4500007222_00001,Create Purchase Order Item -> Change Price,2018-06-10 04:53:55.303975934+00:00,62.78679403318021,False
4500012547_00001,Record Invoice Receipt -> Set Payment Block,2018-06-10 13:40:38.624386830+00:00,7.694483070457361,False
4500007646_00001,Create Purchase Order Item -> Record Goods Receipt,2018-06-10 14:15:04.016183933+00:00,83.21678141032093,True
4500007183_00001,Create Purchase Order Item -> Record Goods Receipt,2018-06-10 14:33:33.979462067+00:00,18.585126452200566,False
4500004023_00001,Record Invoice Receipt -> Clear Invoice,2018-06-10 16:44:39.761580436+00:00,96.25139539035011,True
4500016839_00001,Record Invoice Receipt -> Set Payment Block,2018-06-10 19:51:50.838969685+00:00,25.84633458318314,False
4500018635_00001,Record Goods Receipt -> Record Invoice Receipt,2018-06-11 05:50:18.029140639+00:00,40.58150511179404,True
4500000061_00001,Record Goods Receipt -> Record Invoice Receipt,2018-06-11 07:24:23.478310101+00:00,69.86822859960483,True
4500002177_00001,Record Goods Receipt -> Record Invoice Receipt,2018-06-12 02:12:06.971742853+00:00,14.113888808953286,False
4500009291_00001,Record Goods Receipt -> Record Invoice Receipt,2018-06-12 04:28:58.687246641+00:00,6.392847762502049,False
4500012873_00001,Create Purchase Order Item -> Record Goods Receipt,2018-06-12 06:41:37.747689105+00:00,34.20403759238988,False
4500015650_00001,Create Purchase Order Item -> Record Goods Receipt,2018-06-12 07:05:51.340737987+00:00,78.01424474819514,True
4500007796_00001,Record Invoice Receipt -> Clear Invoice,2018-06-12 07:21:59.757510234+00:00,41.56121383327005,True
4500002633_00001,Create Purchase Order Item -> Record Goods Receipt,2018-06-12 18:36:50.221254351+00:00,30.474911210347152,False
4500016665_00001,Create Purchase Order Item -> Record Goods Receipt,2018-06-13 01:13:02.135628491+00:00,155.822427656523,True
4500006301_00001,Record Goods Receipt -> Record Invoice Receipt,2018-06-13 09:35:31.790257693+00:00,84.13446624671555,True
4500019617_00001,Create Purchase Order Item -> Record Goods Receipt,2018-06-13 12:43:46.363116267+00:00,107.69739013850055,True
4500009164_00001,Record Goods Receipt -> Record Invoice Receipt,2018-06-13 22:25:50.400919111+00:00,17.27478066297529,False
4500015831_00001,Record Invoice Receipt -> Clear Invoice,2018-06-14 08:40:58.810190323+00:00,3.0398378271769904,False
4500009154_00001,Create Purchase Order Item -> Record Goods Receipt,2018-06-14 14:45:14.667539763+00:00,33.17284583275889,False
4500005991_00001,Create Purchase Order Item -> Record Goods Receipt,2018-06-15 00:32:38.553870047+00:00,35.57116331234376,False
4500000892_00001,Create Purchase Order Item -> Record Goods Receipt,2018-06-15 14:56:25.857209995+00:00,261.0639925511691,True
4500019281_00001,Record Invoice Receipt -> Clear Invoice,2018-06-15 17:28:41.771389414+00:00,7.113573239812767,False
4500001679_00001,Record Goods Receipt -> Record Invoice Receipt,2018-06-15 18:20:38.097902027+00:00,31.901797202366136,False
4500017092_00001,Record Goods Receipt -> Record Invoice Receipt,2018-06-15 19:19:45.734261443+00:00,24.739910911634674,False
4500007973_00001,Record Goods Receipt -> Record Invoice Receipt,2018-06-15 19:55:13.990206954+00:00,41.082549624221784,True
4500017115_00001,Create Purchase Order Item -> Record Goods Receipt,2018-06-15 20:09:04.497256629+00:00,30.808139819722744,False
4500017126_00001,Record Invoice Receipt -> Clear Invoice,2018-06-16 00:53:43.440034464+00:00,32.102273969322695,False
4500019621_00001,Record Invoice Receipt -> Clear Invoice,2018-06-16 03:30:17.122178788+00:00,28.800876977867684,False
4500008583_00001,Record Goods Receipt -> Record Goods Receipt,2018-06-16 04:01:30.935525965+00:00,38.77995812399052,False
4500009790_00001,Record Invoice Receipt -> Clear Invoice,2018-06-16 12:21:37.250707099+00:00,3.0202635481935998,False
4500014585_00001,Record Goods Receipt -> Record Invoice Receipt,2018-06-16 16:06:25.788584058+00:00,54.973264370217336,True
4500009199_00001,Record Goods Receipt -> Record Invoice Receipt,2018-06-16 16:56:07.188359824+00:00,10.212390072576458,False
4500009855_00001,Record Goods Receipt -> Record Invoice Receipt,2018-06-16 19:28:58.774973076+00:00,30.76969143315103,False
4500003190_00001,Record Goods Receipt -> Record Invoice Receipt,2018-06-17 02:08:46.312099924+00:00,19.55392154805609,False
4500014979_00001,Record Invoice Receipt -> Set Payment Block,2018-06-17 03:39:17.393918729+00:00,92.06430662445055,True
4500007031_00001,Remove Payment Block -> Clear Invoice,2018-06-17 08:55:01.486615116+00:00,17.61994421352044,False
4500016975_00001,Set Payment Block -> Remove Payment Block,2018-06-17 14:33:44.462263178+00:00,21.674436429616044,True
4500009535_00001,Record Goods Receipt -> Record Invoice Receipt,2018-06-17 17:33:44.346391116+00:00,11.99548811187523,False
4500016628_00001,Record Invoice Receipt -> Clear Invoice,2018-06-17 18:45:32.051949189+00:00,13.936031082137708,False
4500001617_00001,Record Goods Receipt -> Record Invoice Receipt,2018-06-18 08:10:16.011384204+00:00,7.721483561589838,False
4500003763_00001,Record Invoice Receipt -> Clear Invoice,2018-06-18 08:14:21.336432300+00:00,0.32251315494800925,False
4500011136_00001,Record Invoice Receipt -> Set Payment Block,2018-06-18 14:44:53.759160199+00:00,14.32765310638244,False
4500006250_00001,Record Goods Receipt -> Record Invoice Receipt,2018-06-18 18:18:29.837820362+00:00,178.40017877501674,True
4500012269_00001,Create Purchase Order Item -> Record Goods Receipt,2018-06-18 18:49:54.953730901+00:00,53.04474767016058,False
4500008638_00001,Record Invoice Receipt -> Set Payment Block,2018-06-18 21:30:04.498227744+00:00,47.15185755298265,False
4500012987_00001,Record Invoice Receipt -> Clear Invoice,2018-06-18 22:13:35.221922611+00:00,21.407853514135983,False
4500009462_00001,Remove Payment Block -> Clear Invoice,2018-06-18 23:11:13.817323179+00:00,13.05061189378235,True
4500000835_00001,Create Purchase Order Item -> Record Goods Receipt,2018-06-19 02:12:24.015523485+00:00,46.75120677195219,False
4500004742_00001,Record Goods Receipt -> Record Invoice Receipt,2018-06-19 15:29:18.403905483+00:00,42.138134897024685,True
4500007060_00001,Record Invoice Receipt -> Clear Invoice,2018-06-20 00:01:11.684828825+00:00,30.384695308731455,True
4500017082_00001,Record Goods Receipt -> Record Invoice Receipt,2018-06-20 01:15:03.492362569+00:00,19.048147428439837,False
4500017339_00001,Remove Payment Block -> Clear Invoice,2018-06-20 03:13:31.534568210+00:00,15.619255694348578,False
4500017937_00001,Create Purchase Order Item -> Record Goods Receipt,2018-06-20 06:35:33.791802193+00:00,6.680981343763473,False
4500019908_00001,Create Purchase Order Item -> Change Price,2018-06-20 08:00:38.496839992+00:00,54.224319847731145,False
4500003457_00001,Create Purchase Order Item -> Record Goods Receipt,2018-06-20 10:22:32.309533991+00:00,57.490200555056866,True
4500013574_00001,Record Goods Receipt -> Record Invoice Receipt,2018-06-20 13:33:17.397069811+00:00,22.00879922942559,False
4500000270_00001,Record Goods Receipt -> Record Invoice Receipt,2018-06-20 14:32:02.097502058+00:00,53.750899361221656,True
4500012808_00001,Create Purchase Order Item -> Change Price,2018-06-20 18:55:21.827600164+00:00,137.30957001247168,True
4500008379_00001,Create Purchase Order Item -> Record Goods Receipt,2018-06-20 19:21:49.068675833+00:00,62.74660259801469,True
4500005192_00001,Record Invoice Receipt -> Clear Invoice,2018-06-20 22:37:49.520717126+00:00,4.374663336441643,False
4500005582_00001,Record Invoice Receipt -> Clear Invoice,2018-06-21 11:41:51.853956024+00:00,24.695124183165856,False
4500016970_00001,Record Goods Receipt -> Record Goods Receipt,2018-06-21 12:17:34.273287916+00:00,54.72170875319531,False
4500019443_00001,Record Goods Receipt -> Record Invoice Receipt,2018-06-21 12:25:37.838734049+00:00,44.38462753842176,True
4500017422_00001,Record Invoice Receipt -> Clear Invoice,2018-06-21 13:37:49.039091537+00:00,40.8280962545757,True
4500001754_00001,Create Purchase Order Item -> Record Goods Receipt,2018-06-21 15:19:52.034101691+00:00,22.35740117218866,False
4500009044_00001,Record Invoice Receipt -> Set Payment Block,2018-06-21 21:24:41.524618658+00:00,40.3888500184571,False
4500018399_00001,Record Goods Receipt -> Record Invoice Receipt,2018-06-21 22:23:49.215028007+00:00,31.772408542021434,False
4500015206_00001,Create Purchase Order Item -> Record Goods Receipt,2018-06-22 14:30:30.056767093+00:00,26.675499131843114,False
4500010120_00001,Record Goods Receipt -> Record Invoice Receipt,2018-06-22 21:07:28.721056188+00:00,141.31082501673743,True
4500019288_00001,Change Price -> Record Goods Receipt,2018-06-22 21:57:18.406848710+00:00,111.49449171616726,True
4500016908_00001,Create Purchase Order Item -> Change Price,2018-06-23 02:18:14.923351562+00:00,31.260430836589837,False
4500001497_00001,Change Price -> Record Goods Receipt,2018-06-23 11:35:33.476122383+00:00,33.17219807296624,False
4500005275_00001,Record Goods Receipt -> Record Invoice Receipt,2018-06-23 11:38:04.124176411+00:00,122.01281747487022,True
4500011744_00001,Record Goods Receipt -> Record Goods Receipt,2018-06-23 20:40:29.160404019+00:00,46.69770261956071,False
4500003083_00001,Create Purchase Order Item -> Change Price,2018-06-24 06:42:35.068019918+00:00,37.315859240155184,False
4500004037_00001,Record Invoice Receipt -> Set Payment Block,2018-06-24 07:32:45.457359046+00:00,16.19265497740587,False
4500000410_00001,Record Invoice Receipt -> Set Payment Block,2018-06-24 08:25:06.453210020+00:00,6.9522414369607874,False
4500016589_00001,Record Goods Receipt -> Record Invoice Receipt,2018-06-24 08:49:13.247546566+00:00,19.117271009757303,False
4500006572_00001,Create Purchase Order Item -> Record Goods Receipt,2018-06-24 10:14:12.810048733+00:00,18.903958711425428,False
4500000704_00001,Record Goods Receipt -> Record Invoice Receipt,2018-06-24 18:33:54.028697415+00:00,71.54227811602563,True
4500000603_00001,Record Invoice Receipt -> Clear Invoice,2018-06-24 22:08:06.508940009+00:00,2.7405644560941202,False
4500015428_00001,Record Goods Receipt -> Record Invoice Receipt,2018-06-25 02:50:25.226808344+00:00,14.128879281381055,False
4500009886_00001,Create Purchase Order Item -> Record Goods Receipt,2018-06-25 03:47:48.422631337+00:00,28.78749509584192,False
4500011274_00001,Create Purchase Order Item -> Change Price,2018-06-25 10:42:46.168500430+00:00,15.610394005499364,False
4500004746_00001,Create Purchase Order Item -> Record Goods Receipt,2018-06-25 17:34:53.757618771+00:00,54.18120081652081,False
4500002601_00001,Record Goods Receipt -> Record Invoice Receipt,2018-06-26 12:32:39.696175422+00:00,6.262136720366841,False
4500011295_00001,Create Purchase Order Item -> Record Goods Receipt,2018-06-26 13:32:35.975737755+00:00,20.55735422511447,False
4500012685_00001,Set Payment Block -> Remove Payment Block,2018-06-26 16:54:47.594798807+00:00,9.617963849497189,False
4500003898_00001,Record Goods Receipt -> Record Invoice Receipt,2018-06-26 18:33:41.669943378+00:00,23.651424555954122,False
4500004051_00001,Record Goods Receipt -> Record Invoice Receipt,2018-06-26 18:49:07.431677345+00:00,23.463303620848738,False
4500001612_00001,Record Invoice Receipt -> Set Payment Block,2018-06-26 22:10:56.461824276+00:00,18.79702390683176,False
4500004143_00001,Create Purchase Order Item -> Change Price,2018-06-27 15:01:16.241005462+00:00,82.12247820221904,True
4500018005_00001,Record Invoice Receipt -> Clear Invoice,2018-06-27 16:49:34.379092713+00:00,11.370278112819827,False
4500004147_00001,Create Purchase Order Item -> Change Price,2018-06-27 17:19:17.429906446+00:00,84.84600883622328,True
4500019707_00001,Record Goods Receipt -> Record Invoice Receipt,2018-06-28 04:15:21.285195606+00:00,12.654227515030868,False
4500013402_00001,Change Price -> Record Goods Receipt,2018-06-28 05:49:35.067883585+00:00,52.75744877597872,False
4500010842_00001,Remove Payment Block -> Clear Invoice,2018-06-28 11:37:45.934753664+00:00,2.8920156173511,False
4500008813_00001,Record Goods Receipt -> Record Invoice Receipt,2018-06-28 11:43:31.127325975+00:00,13.681903045374954,False
4500001385_00001,Record Invoice Receipt -> Clear Invoice,2018-06-28 16:13:19.025894869+00:00,41.579576049476216,True
4500001996_00001,Create Purchase Order Item -> Change Price,2018-06-28 20:20:34.038616238+00:00,23.879984919927292,False
4500002363_00001,Create Purchase Order Item -> Record Goods Receipt,2018-06-29 08:36:44.820219147+00:00,86.17061129712606,True
4500009590_00001,Set Payment Block -> Remove Payment Block,2018-06-29 10:06:00.303262484+00:00,69.86993844679077,True
4500004889_00001,Create Purchase Order Item -> Change Price,2018-06-29 13:07:11.342609630+00:00,46.14600733961309,False
4500006253_00001,Create Purchase Order Item -> Record Goods Receipt,2018-06-29 15:30:59.621350277+00:00,14.624190621315602,False
4500000690_00001,Remove Payment Block -> Clear Invoice,2018-06-29 16:17:17.261164349+00:00,5.537877461680903,False
4500003838_00001,Create Purchase Order Item -> Record Goods Receipt,2018-06-29 20:46:46.090499865+00:00,50.599425431071666,False
4500003885_00001,Create Purchase Order Item -> Record Goods Receipt,2018-06-29 21:49:16.278250851+00:00,86.35427693797433,True
4500016224_00001,Set Payment Block -> Remove Payment Block,2018-06-30 00:23:00.369531262+00:00,24.123895622032673,True
4500015239_00001,Record Goods Receipt -> Record Invoice Receipt,2018-06-30 00:29:39.570246834+00:00,14.267438836913948,False
4500002125_00001,Record Invoice Receipt -> Clear Invoice,2018-06-30 02:50:57.260222204+00:00,3.249637920488704,False
4500001870_00001,Create Purchase Order Item -> Record Goods Receipt,2018-06-30 15:59:42.644956127+00:00,69.58477070677344,True
4500016425_00001,Record Invoice Receipt -> Set Payment Block,2018-06-30 21:03:41.290198704+00:00,36.663480642305316,False
4500017202_00001,Record Invoice Receipt -> Clear Invoice,2018-06-30 21:33:37.435721897+00:00,0.24738340463989583,False
4500014816_00001,Record Invoice Receipt -> Clear Invoice,2018-06-30 23:34:01.540156112+00:00,25.306901135698862,True
4500010469_00001,Record Goods Receipt -> Record Invoice Receipt,2018-07-01 03:28:52.635529615+00:00,19.914392098353705,False
4500002199_00001,Create Purchase Order Item -> Record Goods Receipt,2018-07-01 03:47:50.243581813+00:00,28.117009715236424,False
4500017465_00001,Record Invoice Receipt -> Clear Invoice,2018-07-01 03:52:35.230040184+00:00,18.695620415214503,False
4500017047_00001,Create Purchase Order Item -> Change Price,2018-07-01 11:16:52.018197042+00:00,18.219611383778922,False
4500005826_00001,Record Goods Receipt -> Record Invoice Receipt,2018-07-01 20:14:00.125922121+00:00,25.35867838794556,False
4500019946_00001,Create Purchase Order Item -> Record Goods Receipt,2018-07-02 00:13:02.235279839+00:00,74.10920593780368,True
4500003239_00001,Record Invoice Receipt -> Clear Invoice,2018-07-02 02:03:11.223742055+00:00,2.9032319371935995,False
4500007143_00001,Record Goods Receipt -> Record Invoice Receipt,2018-07-02 04:37:00.504935705+00:00,27.59600427654564,False
4500010720_00001,Set Payment Block -> Remove Payment Block,2018-07-02 05:07:01.068743203+00:00,23.61648936584322,True
4500009774_00001,Create Purchase Order Item -> Record Goods Receipt,2018-07-02 05:40:24.915080743+00:00,116.82896888063593,True
4500015503_00001,Record Goods Receipt -> Record Invoice Receipt,2018-07-02 14:33:16.195078319+00:00,66.12724631704717,True
4500002609_00001,Create Purchase Order Item -> Record Goods Receipt,2018-07-02 14:38:24.255972907+00:00,93.06719109427063,True
4500001632_00001,Record Goods Receipt -> Record Invoice Receipt,2018-07-03 01:58:44.761401248+00:00,77.93875567707596,True
4500017253_00001,Record Invoice Receipt -> Clear Invoice,2018-07-03 02:17:25.505478382+00:00,1.9342189531255787,False
4500016342_00001,Record Goods Receipt -> Record Invoice Receipt,2018-07-03 15:21:18.550432030+00:00,14.735059335573288,False
4500018912_00001,Record Invoice Receipt -> Set Payment Block,2018-07-04 10:42:29.139403042+00:00,10.98670554526286,False
4500018389_00001,Record Invoice Receipt -> Clear Invoice,2018-07-04 18:08:14.010671870+00:00,7.613600445476435,False
4500018861_00001,Record Goods Receipt -> Record Invoice Receipt,2018-07-04 18:44:50.894579954+00:00,43.75669068470143,True
4500004776_00001,Record Invoice Receipt -> Clear Invoice,2018-07-05 05:38:37.679094135+00:00,10.017924887396216,False
4500006368_00001,Record Invoice Receipt -> Clear Invoice,2018-07-05 12:04:19.814754474+00:00,1.0621927190435185,False
4500004275_00001,Record Goods Receipt -> Record Goods Receipt,2018-07-05 12:58:50.518546046+00:00,36.39181064994988,False
4500014507_00001,Record Invoice Receipt -> Set Payment Block,2018-07-05 21:45:25.091999645+00:00,99.34308548300342,True
4500002086_00001,Create Purchase Order Item -> Record Goods Receipt,2018-07-05 21:47:45.047369401+00:00,37.08956561626043,False
4500007850_00001,Record Invoice Receipt -> Clear Invoice,2018-07-05 23:54:56.574647099+00:00,1.784229495140243,False
4500006489_00001,Record Goods Receipt -> Record Invoice Receipt,2018-07-06 00:40:56.750788777+00:00,21.388227703341737,False
4500001799_00001,Record Invoice Receipt -> Clear Invoice,2018-07-06 08:57:54.659099617+00:00,0.8245948096115393,False
4500019740_00001,Create Purchase Order Item -> Record Goods Receipt,2018-07-06 10:47:37.578968943+00:00,36.638742735862245,False
4500007740_00001,Remove Payment Block -> Clear Invoice,2018-07-06 11:00:29.117401641+00:00,0.065477945305625,False
4500009338_00001,Create Purchase Order Item -> Change Price,2018-07-06 13:17:56.304744294+00:00,40.03267921143442,False
4500019486_00001,Create Purchase Order Item -> Record Goods Receipt,2018-07-06 17:47:12.006371231+00:00,121.11087959396929,True
4500015116_00001,Create Purchase Order Item -> Record Goods Receipt,2018-07-06 23:39:51.853009339+00:00,70.6383433791206,True
4500013158_00001,Create Purchase Order Item -> Record Goods Receipt,2018-07-07 08:58:16.450526017+00:00,25.5536691749239,False
4500010694_00001,Record Goods Receipt -> Record Invoice Receipt,2018-07-07 10:44:13.120829395+00:00,68.19249531986813,True
4500015732_00001,Record Goods Receipt -> Record Goods Receipt,2018-07-07 16:41:03.529056261+00:00,22.39396165952183,False
4500003151_00001,Change Price -> Record Goods Receipt,2018-07-07 21:49:22.556395832+00:00,40.64992314590295,False
4500008675_00001,Record Goods Receipt -> Record Invoice Receipt,2018-07-07 23:12:23.407437137+00:00,100.12477124050827,True
4500016241_00001,Create Purchase Order Item -> Change Price,2018-07-08 02:20:37.518993658+00:00,35.423081533308014,False
4500013324_00001,Create Purchase Order Item -> Record Goods Receipt,2018-07-08 06:03:23.444685423+00:00,41.8439752063804,False
4500005908_00001,Record Goods Receipt -> Record Goods Receipt,2018-07-08 09:20:35.139932300+00:00,30.248828556698285,False
4500004568_00001,Change Price -> Record Goods Receipt,2018-07-08 10:34:34.759177430+00:00,81.14825104733156,True
4500006413_00001,Change Price -> Record Goods Receipt,2018-07-08 15:31:02.308297402+00:00,37.02580024716588,False
4500017168_00001,Create Purchase Order Item -> Record Goods Receipt,2018-07-09 02:14:26.103345299+00:00,44.713969197951144,False
4500018628_00001,Record Goods Receipt -> Record Invoice Receipt,2018-07-09 04:24:21.143996178+00:00,36.724524864553274,True
4500002876_00001,Create Purchase Order Item -> Record Goods Receipt,2018-07-09 07:48:04.428590621+00:00,155.1190113439694,True
4500009593_00001,Create Purchase Order Item -> Record Goods Receipt,2018-07-09 08:07:19.265049629+00:00,47.087990266807694,False
4500016808_00001,Create Purchase Order Item -> Change Price,2018-07-09 11:53:52.786031834+00:00,10.350275643085059,False
4500019751_00001,Record Goods Receipt -> Record Invoice Receipt,2018-07-09 19:54:48.189390159+00:00,18.86641192242943,False
4500013855_00001,Create Purchase Order Item -> Record Goods Receipt,2018-07-10 06:16:31.512994375+00:00,65.49313594637562,True
4500015491_00001,Record Goods Receipt -> Record Invoice Receipt,2018-07-10 11:04:43.798439025+00:00,23.333181027434698,False
4500019790_00001,Record Goods Receipt -> Record Invoice Receipt,2018-07-10 16:44:30.000444176+00:00,52.06195403867628,True
4500009811_00001,Record Goods Receipt -> Record Invoice Receipt,2018-07-11 15:17:07.162834049+00:00,32.01567214015795,False
4500008352_00001,Record Goods Receipt -> Record Invoice Receipt,2018-07-11 19:45:58.475120021+00:00,19.605058060531274,False
4500008187_00001,Record Goods Receipt -> Record Goods Receipt,2018-07-11 22:46:44.985409290+00:00,62.60210192978322,True
4500009152_00001,Create Purchase Order Item -> Record Goods Receipt,2018-07-12 02:56:04.472362117+00:00,60.53213729814073,True
4500007561_00001,Create Purchase Order Item -> Change Price,2018-07-12 06:45:46.859073854+00:00,47.894678611631136,False
4500016235_00001,Create Purchase Order Item -> Record Goods Receipt,2018-07-12 07:03:08.272349097+00:00,70.18658511666767,True
4500018572_00001,Record Invoice Receipt -> Clear Invoice,2018-07-12 07:22:14.111374938+00:00,12.940073281355753,False
4500002499_00001,Record Goods Receipt -> Record Invoice Receipt,2018-07-12 09:30:20.180502620+00:00,56.3370324681175,True
4500011098_00001,Record Invoice Receipt -> Clear Invoice,2018-07-12 10:59:12.145656384+00:00,16.25430616072448,False
4500011856_00001,Create Purchase Order Item -> Record Goods Receipt,2018-07-12 12:33:43.551204361+00:00,83.32924149574211,True
4500016727_00001,Record Goods Receipt -> Record Invoice Receipt,2018-07-12 14:35:40.102188293+00:00,43.40343440578006,True
4500003486_00001,Record Invoice Receipt -> Clear Invoice,2018-07-12 18:14:50.635718568+00:00,16.660703737487466,False
4500005359_00001,Create Purchase Order Item -> Record Goods Receipt,2018-07-12 22:42:33.265897211+00:00,10.626915359173946,False
4500005951_00001,Record Goods Receipt -> Record Invoice Receipt,2018-07-13 07:43:34.427340823+00:00,56.325781358798515,True
4500003712_00001,Create Purchase Order Item -> Record Goods Receipt,2018-07-13 17:50:39.114701365+00:00,47.55588300695603,False
4500007360_00001,Record Goods Receipt -> Record Invoice Receipt,2018-07-13 20:11:42.717676533+00:00,26.06105142787962,False
4500003242_00001,Record Goods Receipt -> Record Invoice Receipt,2018-07-13 23:24:51.115301035+00:00,15.510982902851898,False
4500018633_00001,Record Invoice Receipt -> Clear Invoice,2018-07-14 01:37:02.364884496+00:00,33.421886890854076,True
4500017660_00001,Create Purchase Order Item -> Record Goods Receipt,2018-07-14 05:21:58.461464771+00:00,98.01498262261907,True
4500012356_00001,Create Purchase Order Item -> Record Goods Receipt,2018-07-14 09:31:10.555679453+00:00,72.09112491730096,True
4500010091_00001,Record Goods Receipt -> Record Invoice Receipt,2018-07-14 18:01:36.374541555+00:00,59.907483522448054,True
4500009674_00001,Create Purchase Order Item -> Record Goods Receipt,2018-07-15 00:04:21.715483251+00:00,53.58107991615887,False
4500010513_00001,Create Purchase Order Item -> Record Goods Receipt,2018-07-15 09:24:34.635439279+00:00,70.54936369528123,True
4500000414_00001,Create Purchase Order Item -> Change Price,2018-07-15 16:45:10.246033762+00:00,23.652203711479654,False
4500007582_00001,Create Purchase Order Item -> Record Goods Receipt,2018-07-16 04:26:03.704545013+00:00,29.436953480636966,False
4500009656_00001,Record Invoice Receipt -> Clear Invoice,2018-07-16 07:19:26.086429587+00:00,6.5119717252476965,False
4500013461_00001,Create Purchase Order Item -> Record Goods Receipt,2018-07-16 14:55:20.071505961+00:00,49.9125711876969,False
4500008270_00001,Record Invoice Receipt -> Clear Invoice,2018-07-16 23:24:28.080299651+00:00,7.647394124968437,False
4500007161_00001,Record Goods Receipt -> Record Invoice Receipt,2018-07-17 07:12:42.904206650+00:00,45.70384240539155,True
4500004303_00001,Create Purchase Order Item -> Record Goods Receipt,2018-07-17 08:18:28.090476017+00:00,94.64500013082974,True
4500002980_00001,Remove Payment Block -> Clear Invoice,2018-07-17 11:05:51.154947294+00:00,12.243953561175717,True
4500007344_00001,Change Price -> Record Goods Receipt,2018-07-17 19:25:28.720017146+00:00,61.58852670114045,True
4500010793_00001,Record Goods Receipt -> Record Invoice Receipt,2018-07-18 02:55:40.478880361+00:00,11.247610147159143,False
4500003066_00001,Record Invoice Receipt -> Clear Invoice,2018-07-18 06:08:30.079676525+00:00,12.944398204567163,False
4500000622_00001,Create Purchase Order Item -> Record Goods Receipt,2018-07-18 10:10:12.737139873+00:00,22.67681305592734,False
4500019118_00001,Change Price -> Record Goods Receipt,2018-07-18 10:59:59.016903682+00:00,13.086519658670174,False
4500019331_00001,Create Purchase Order Item -> Record Goods Receipt,2018-07-18 20:18:14.437516829+00:00,83.20351617677385,True
4500003696_00001,Record Invoice Receipt -> Clear Invoice,2018-07-18 21:58:46.793324762+00:00,7.449154700807118,False
4500017263_00001,Create Purchase Order Item -> Record Goods Receipt,2018-07-19 01:58:30.537406387+00:00,24.19793022982676,False
4500018409_00001,Set Payment Block -> Remove Payment Block,2018-07-19 04:00:24.998817148+00:00,70.49539329440836,True
4500006996_00001,Record Goods Receipt -> Record Invoice Receipt,2018-07-19 06:33:31.034626192+00:00,10.151022954453518,False
4500005158_00001,Record Goods Receipt -> Record Goods Receipt,2018-07-20 16:47:44.526385313+00:00,23.206057913206642,False
4500009120_00001,Create Purchase Order Item -> Change Price,2018-07-20 22:52:33.148570194+00:00,44.06637627869256,False
4500003845_00001,Create Purchase Order Item -> Record Goods Receipt,2018-07-21 01:48:56.394678527+00:00,39.17984367907646,False
4500018227_00001,Record Goods Receipt -> Record Invoice Receipt,2018-07-21 09:46:40.843564307+00:00,9.104991166482604,False
4500010730_00001,Record Goods Receipt -> Record Invoice Receipt,2018-07-21 12:38:37.745029810+00:00,14.315494542460415,False
4500012243_00001,Create Purchase Order Item -> Change Price,2018-07-21 18:58:18.969037192+00:00,27.44261649376879,False
4500003266_00001,Create Purchase Order Item -> Record Goods Receipt,2018-07-21 18:58:28.037282547+00:00,26.796551327314816,False
4500004823_00001,Record Goods Receipt -> Record Invoice Receipt,2018-07-22 03:09:33.662530157+00:00,35.157600594740344,False
4500003522_00001,Create Purchase Order Item -> Record Goods Receipt,2018-07-22 06:12:54.781082493+00:00,30.80404503405641,False
4500014940_00001,Record Goods Receipt -> Record Goods Receipt,2018-07-22 08:49:55.446925606+00:00,28.33963028680948,False
4500018177_00001,Record Invoice Receipt -> Set Payment Block,2018-07-22 08:50:35.909032055+00:00,36.07655440665025,False
4500019945_00001,Set Payment Block -> Remove Payment Block,2018-07-23 04:04:28.988191340+00:00,73.47390423228279,True
4500009277_00001,Record Goods Receipt -> Record Invoice Receipt,2018-07-23 04:48:14.374160344+00:00,54.489572361783495,True
4500019494_00001,Remove Payment Block -> Clear Invoice,2018-07-23 06:01:26.854124905+00:00,28.583238228091158,True
4500004583_00001,Set Payment Block -> Remove Payment Block,2018-07-23 06:43:11.526240252+00:00,45.283728386661686,True
4500015881_00001,Record Goods Receipt -> Record Invoice Receipt,2018-07-23 06:48:48.593548642+00:00,48.720703375157825,True
4500000140_00001,Create Purchase Order Item -> Record Goods Receipt,2018-07-23 08:46:35.589583327+00:00,69.51181686923584,True
4500000947_00001,Create Purchase Order Item -> Record Goods Receipt,2018-07-23 15:22:09.463180515+00:00,58.38663169434314,True
4500015436_00001,Record Invoice Receipt -> Clear Invoice,2018-07-23 18:36:40.380362555+00:00,20.147429154537246,False
4500003893_00001,Create Purchase Order Item -> Record Goods Receipt,2018-07-23 23:54:43.946917275+00:00,19.870219733861944,False
4500016359_00001,Create Purchase Order Item -> Record Goods Receipt,2018-07-24 00:53:01.392933327+00:00,55.8491310800643,False
4500009818_00001,Record Invoice Receipt -> Set Payment Block,2018-07-24 03:36:01.613998089+00:00,25.54100019197082,False
4500016697_00001,Create Purchase Order Item -> Record Goods Receipt,2018-07-24 09:00:33.757972977+00:00,25.068082539277917,False
4500014914_00001,Record Goods Receipt -> Record Invoice Receipt,2018-07-24 09:15:27.914978990+00:00,21.964552487092664,False
4500005277_00001,Record Goods Receipt -> Record Invoice Receipt,2018-07-24 09:44:23.962447255+00:00,20.753354366023054,False
4500013406_00001,Record Invoice Receipt -> Set Payment Block,2018-07-24 11:03:21.592510711+00:00,9.307581109994548,False
4500008584_00001,Record Goods Receipt -> Record Invoice Receipt,2018-07-24 11:47:12.147173085+00:00,13.831901568150093,False
4500000015_00001,Create Purchase Order Item -> Record Goods Receipt,2018-07-24 14:55:32.924914621+00:00,89.45401510858217,True
4500019725_00001,Remove Payment Block -> Clear Invoice,2018-07-24 15:02:43.044193230+00:00,35.94854887198339,True
4500018988_00001,Record Goods Receipt -> Record Invoice Receipt,2018-07-25 01:38:22.643985855+00:00,8.787420408344351,False
4500003718_00001,Create Purchase Order Item -> Record Goods Receipt,2018-07-25 02:54:15.851681763+00:00,67.11760036212777,True
4500013382_00001,Remove Payment Block -> Clear Invoice,2018-07-25 03:16:43.197912068+00:00,7.252261733739051,False
4500019906_00001,Create Purchase Order Item -> Record Goods Receipt,2018-07-25 06:13:10.557587291+00:00,34.587178051037554,False
4500003960_00001,Create Purchase Order Item -> Record Goods Receipt,2018-07-25 10:57:30.072342175+00:00,17.60341554111612,False
4500000531_00001,Record Invoice Receipt -> Clear Invoice,2018-07-25 19:50:54.385547756+00:00,63.66208778762439,True
4500006308_00001,Record Goods Receipt -> Record Invoice Receipt,2018-07-25 23:15:59.642573970+00:00,23.446658303180648,False
4500011974_00001,Record Goods Receipt -> Record Invoice Receipt,2018-07-25 23:17:13.477174943+00:00,48.900008279011665,True
4500018116_00001,Remove Payment Block -> Clear Invoice,2018-07-27 00:19:14.802949966+00:00,23.96452019241549,True
4500007264_00001,Record Invoice Receipt -> Clear Invoice,2018-07-27 02:22:33.820220203+00:00,9.442992251799351,False
4500000014_00001,Set Payment Block -> Remove Payment Block,2018-07-27 12:22:17.283925015+00:00,59.906355478424395,True
4500006862_00001,Record Invoice Receipt -> Set Payment Block,2018-07-27 13:01:12.071312148+00:00,30.039857876877964,False
4500019302_00001,Record Goods Receipt -> Record Invoice Receipt,2018-07-27 14:55:29.969182301+00:00,23.7301262471822,False
4500014422_00001,Create Purchase Order Item -> Record Goods Receipt,2018-07-27 18:50:31.038191487+00:00,81.54245007571708,True
4500018890_00001,Create Purchase Order Item -> Record Goods Receipt,2018-07-27 21:06:32.010361921+00:00,96.44782168781128,True
4500011043_00001,Record Invoice Receipt -> Clear Invoice,2018-07-27 21:47:29.267240624+00:00,41.98332493238453,True
4500002260_00001,Record Goods Receipt -> Record Invoice Receipt,2018-07-28 02:32:06.587979327+00:00,34.8981391269195,False
4500014343_00001,Record Invoice Receipt -> Clear Invoice,2018-07-28 04:54:51.906735892+00:00,1.1435271303154513,False
4500008368_00001,Create Purchase Order Item -> Record Goods Receipt,2018-07-28 06:27:18.894422467+00:00,47.55349429170598,False
4500016141_00001,Create Purchase Order Item -> Record Goods Receipt,2018-07-28 10:16:40.251380765+00:00,54.05761517471193,False
4500008279_00001,Create Purchase Order Item -> Record Goods Receipt,2018-07-28 10:45:22.286993717+00:00,24.131780092595857,False
4500011766_00001,Record Invoice Receipt -> Clear Invoice,2018-07-28 21:40:22.622981561+00:00,44.55128821474347,True
4500005130_00001,Record Invoice Receipt -> Clear Invoice,2018-07-29 03:31:05.429818951+00:00,5.284788561259039,False
4500012754_00001,Create Purchase Order Item -> Change Price,2018-07-29 04:19:47.621488310+00:00,23.674885825642036,False
4500016562_00001,Create Purchase Order Item -> Record Goods Receipt,2018-07-29 17:12:35.930317373+00:00,34.34543020250929,False
4500003574_00001,Record Invoice Receipt -> Set Payment Block,2018-07-29 22:50:40.332899730+00:00,63.59648934392638,True
4500000999_00001,Record Goods Receipt -> Record Goods Receipt,2018-07-30 09:52:35.521157053+00:00,29.025144034703413,False
4500014208_00001,Set Payment Block -> Remove Payment Block,2018-07-30 14:29:35.689481173+00:00,44.9821678650853,True
4500008573_00001,Record Invoice Receipt -> Clear Invoice,2018-07-30 17:47:43.637848384+00:00,4.0356507042169785,False
4500005027_00001,Set Payment Block -> Remove Payment Block,2018-07-31 00:14:38.752826217+00:00,35.09423348503767,True
4500005850_00001,Create Purchase Order Item -> Record Goods Receipt,2018-07-31 02:49:37.419834339+00:00,35.51175104605441,False
4500009022_00001,Create Purchase Order Item -> Record Goods Receipt,2018-07-31 07:16:47.511124193+00:00,55.64447335782557,False
4500006771_00001,Record Invoice Receipt -> Clear Invoice,2018-08-01 10:10:38.822000643+00:00,7.712831474310127,False
4500005210_00001,Create Purchase Order Item -> Record Goods Receipt,2018-08-02 03:41:44.205409419+00:00,34.66251789899991,False
4500001399_00001,Record Goods Receipt -> Record Invoice Receipt,2018-08-02 05:37:36.684205281+00:00,252.2235804363159,True
4500015351_00001,Record Invoice Receipt -> Clear Invoice,2018-08-02 11:31:32.622030209+00:00,1.405207294983287,False
4500014251_00001,Create Purchase Order Item -> Record Goods Receipt,2018-08-02 15:19:01.428647257+00:00,27.28624075794332,False
4500016883_00001,Create Purchase Order Item -> Change Price,2018-08-02 19:19:53.827855024+00:00,186.80270217824744,True
4500002547_00001,Record Goods Receipt -> Record Invoice Receipt,2018-08-02 20:16:57.906713194+00:00,16.791277645565533,False
4500014684_00001,Create Purchase Order Item -> Record Goods Receipt,2018-08-03 00:41:29.402363189+00:00,47.54316855471799,False
4500002831_00001,Create Purchase Order Item -> Record Goods Receipt,2018-08-03 04:58:16.507906367+00:00,49.50068532490397,False
4500000532_00001,Create Purchase Order Item -> Record Goods Receipt,2018-08-03 07:18:08.592509951+00:00,40.90258373188382,False
4500009730_00001,Record Goods Receipt -> Record Invoice Receipt,2018-08-03 09:31:59.634084341+00:00,44.783178920887266,True
4500001538_00001,Record Invoice Receipt -> Clear Invoice,2018-08-03 19:59:31.602947856+00:00,0.3042797886198611,False
4500016091_00001,Record Goods Receipt -> Record Invoice Receipt,2018-08-03 23:15:08.772212898+00:00,52.12477676435247,True
4500014609_00001,Change Price -> Record Goods Receipt,2018-08-04 06:28:59.241411598+00:00,26.33787838974926,False
4500007925_00001,Record Invoice Receipt -> Clear Invoice,2018-08-04 11:11:36.518407227+00:00,42.153490234979685,True
4500014136_00001,Record Invoice Receipt -> Clear Invoice,2018-08-04 12:58:56.829437175+00:00,7.309563146785556,False
4500019961_00001,Record Goods Receipt -> Record Invoice Receipt,2018-08-04 14:03:22.747563345+00:00,46.132463074960704,True
4500016283_00001,Record Goods Receipt -> Record Invoice Receipt,2018-08-04 14:38:23.045548441+00:00,8.242607996000311,False
4500011797_00001,Record Invoice Receipt -> Clear Invoice,2018-08-04 21:48:12.252503613+00:00,9.217011697871527,False
4500000124_00001,Record Goods Receipt -> Record Invoice Receipt,2018-08-05 00:43:03.899619125+00:00,43.18818847184375,True
4500002962_00001,Create Purchase Order Item -> Record Goods Receipt,2018-08-05 03:15:01.475332163+00:00,40.04823082689462,False
4500004459_00001,Change Price -> Record Goods Receipt,2018-08-05 07:23:30.962444426+00:00,53.744379412980344,True
4500017737_00001,Record Goods Receipt -> Record Invoice Receipt,2018-08-05 11:56:51.949396959+00:00,35.502481919172034,True
4500004418_00001,Record Goods Receipt -> Record Invoice Receipt,2018-08-05 12:09:03.568896711+00:00,36.11962295442743,True
4500001492_00001,Record Invoice Receipt -> Clear Invoice,2018-08-05 13:25:16.788327687+00:00,1.400174167069699,False
4500009025_00001,Record Invoice Receipt -> Clear Invoice,2018-08-05 13:45:39.625324519+00:00,13.450682676483924,False
4500008394_00001,Record Goods Receipt -> Record Invoice Receipt,2018-08-05 14:36:08.464183163+00:00,41.5767691871045,True
4500005965_00001,Record Goods Receipt -> Record Invoice Receipt,2018-08-05 17:13:39.703631311+00:00,9.026342171342488,False
4500007273_00001,Record Goods Receipt -> Record Invoice Receipt,2018-08-05 17:48:34.150305547+00:00,12.791022426587466,False
4500004483_00001,Record Invoice Receipt -> Clear Invoice,2018-08-05 17:59:26.289992530+00:00,8.940145614722036,False
4500016472_00001,Create Purchase Order Item -> Record Goods Receipt,2018-08-06 00:48:41.998952333+00:00,60.14672829651075,True
4500003615_00001,Set Payment Block -> Remove Payment Block,2018-08-06 04:32:08.790902990+00:00,308.2764598422315,True
4500007190_00001,Create Purchase Order Item -> Record Goods Receipt,2018-08-06 13:41:37.275234201+00:00,41.44322284301947,False
4500009611_00001,Create Purchase Order Item -> Record Goods Receipt,2018-08-06 15:46:37.066531431+00:00,40.33162626599328,False
4500016004_00001,Record Goods Receipt -> Record Invoice Receipt,2018-08-06 20:23:11.574935837+00:00,33.79042710069697,False
4500019069_00001,Record Goods Receipt -> Record Goods Receipt,2018-08-06 22:00:23.961602967+00:00,29.426533508009317,False
4500018722_00001,Record Goods Receipt -> Record Invoice Receipt,2018-08-06 22:44:17.086013768+00:00,85.97927737166265,True
4500006532_00001,Create Purchase Order Item -> Change Price,2018-08-06 23:21:51.469426954+00:00,55.9093887657014,False
4500002994_00001,Record Invoice Receipt -> Clear Invoice,2018-08-07 02:22:53.708140408+00:00,1.397041460508889,False
4500001943_00001,Create Purchase Order Item -> Change Price,2018-08-07 02:44:32.067711570+00:00,20.501086991200324,False
4500004603_00001,Record Goods Receipt -> Record Invoice Receipt,2018-08-07 03:29:13.632669363+00:00,54.28990438618361,True
4500019117_00001,Remove Payment Block -> Clear Invoice,2018-08-07 17:48:40.775852394+00:00,21.801608929464653,True
4500007542_00001,Record Goods Receipt -> Record Invoice Receipt,2018-08-07 22:45:34.555148503+00:00,6.731200908323901,False
4500002453_00001,Create Purchase Order Item -> Change Price,2018-08-07 23:55:05.179342334+00:00,29.656716324811853,False
4500013759_00001,Create Purchase Order Item -> Record Goods Receipt,2018-08-08 00:55:23.527515203+00:00,24.161239861206713,False
4500013914_00001,Record Invoice Receipt -> Clear Invoice,2018-08-08 04:42:10.754370484+00:00,27.074737193473496,True
4500005106_00001,Record Invoice Receipt -> Set Payment Block,2018-08-08 19:23:08.487888144+00:00,15.37210464318206,False
4500016017_00001,Create Purchase Order Item -> Record Goods Receipt,2018-08-08 19:48:49.136301171+00:00,33.39766889446692,False
4500010484_00001,Record Goods Receipt -> Record Invoice Receipt,2018-08-09 01:25:46.916752182+00:00,45.73614107038809,True
4500019579_00001,Record Invoice Receipt -> Clear Invoice,2018-08-09 10:09:59.060216213+00:00,8.20957680152574,False
4500016965_00001,Create Purchase Order Item -> Change Price,2018-08-09 15:50:44.300970382+00:00,26.00777856369205,False
4500014682_00001,Record Invoice Receipt -> Set Payment Block,2018-08-09 22:00:46.718363059+00:00,15.013746795787824,False
4500007762_00001,Set Payment Block -> Remove Payment Block,2018-08-10 04:10:45.932625223+00:00,60.81853218154503,True
4500012157_00001,Record Goods Receipt -> Record Goods Receipt,2018-08-10 06:41:11.304260965+00:00,22.269433206802166,False
4500016277_00001,Record Goods Receipt -> Record Invoice Receipt,2018-08-10 07:58:17.252810024+00:00,5.2807402501828244,False
4500014939_00001,Record Goods Receipt -> Record Invoice Receipt,2018-08-10 12:31:59.985017397+00:00,70.86538074129128,True
4500007110_00001,Record Goods Receipt -> Record Invoice Receipt,2018-08-10 16:14:09.396838966+00:00,13.726222791834246,False
4500006610_00001,Record Goods Receipt -> Record Invoice Receipt,2018-08-10 16:37:06.602708510+00:00,60.86782165303546,True
4500016380_00001,Create Purchase Order Item -> Record Goods Receipt,2018-08-10 21:28:23.354608215+00:00,39.51741763545847,False
4500012366_00001,Record Invoice Receipt -> Clear Invoice,2018-08-11 07:19:31.960124376+00:00,1.5094601052277776,False
4500000178_00001,Record Goods Receipt -> Record Invoice Receipt,2018-08-11 08:04:20.798447817+00:00,5.486002568719664,False
4500012199_00001,Record Invoice Receipt -> Set Payment Block,2018-08-11 12:22:23.333155978+00:00,32.21840969951526,False
4500008857_00001,Record Goods Receipt -> Record Invoice Receipt,2018-08-11 17:09:50.315518078+00:00,21.78728254070706,False
4500010607_00001,Record Goods Receipt -> Record Invoice Receipt,2018-08-11 19:52:47.775937108+00:00,7.887576177512709,False
4500002859_00001,Create Purchase Order Item -> Record Goods Receipt,2018-08-11 21:48:09.898318161+00:00,50.97273968126046,False
4500005389_00001,Record Invoice Receipt -> Clear Invoice,2018-08-12 05:30:18.088048177+00:00,0.8632285464028356,False
4500019175_00001,Change Price -> Record Goods Receipt,2018-08-12 09:08:58.768842406+00:00,33.536209648731585,False
4500015446_00001,Record Invoice Receipt -> Clear Invoice,2018-08-12 16:27:03.167950312+00:00,1.1798244518105554,False
4500000991_00001,Record Invoice Receipt -> Clear Invoice,2018-08-13 13:16:09.390646395+00:00,1.337186454353449,False
4500004118_00001,Create Purchase Order Item -> Record Goods Receipt,2018-08-13 15:02:37.700408749+00:00,123.46197453917931,True
4500010392_00001,Record Goods Receipt -> Record Invoice Receipt,2018-08-13 18:34:20.122516913+00:00,6.888213874808553,False
4500003459_00001,Record Goods Receipt -> Record Invoice Receipt,2018-08-13 18:52:38.809096223+00:00,25.517349673718957,False
4500004552_00001,Create Purchase Order Item -> Record Goods Receipt,2018-08-13 19:29:17.860852021+00:00,35.27488541114989,False
4500010317_00001,Create Purchase Order Item -> Record Goods Receipt,2018-08-13 20:51:34.634701315+00:00,86.01383897676436,True
4500011440_00001,Create Purchase Order Item -> Record Goods Receipt,2018-08-14 00:48:14.266618147+00:00,42.31530523348122,False
4500004415_00001,Create Purchase Order Item -> Record Goods Receipt,2018-08-14 00:57:27.290858873+00:00,116.18053775341745,True
4500000318_00001,Record Goods Receipt -> Record Invoice Receipt,2018-08-14 04:56:32.837690506+00:00,23.68388366955052,False
4500002716_00001,Create Purchase Order Item -> Record Goods Receipt,2018-08-14 05:05:42.423010919+00:00,47.9644484048608,False
4500007953_00001,Record Invoice Receipt -> Clear Invoice,2018-08-14 07:53:40.881981835+00:00,9.966274631943888,False
4500008151_00001,Create Purchase Order Item -> Record Goods Receipt,2018-08-14 12:53:29.641412221+00:00,59.070284732369345,True
4500018060_00001,Record Goods Receipt -> Record Invoice Receipt,2018-08-14 14:33:31.059293040+00:00,40.46925050910147,False
4500007721_00001,Create Purchase Order Item -> Record Goods Receipt,2018-08-15 19:25:40.582775381+00:00,83.45466726217751,True
4500003034_00001,Record Invoice Receipt -> Clear Invoice,2018-08-15 21:16:37.893073196+00:00,4.622899937900776,False
4500007516_00001,Record Goods Receipt -> Record Invoice Receipt,2018-08-16 05:11:13.517903122+00:00,26.27513371282677,False
4500010197_00001,Create Purchase Order Item -> Record Goods Receipt,2018-08-16 08:05:15.141343937+00:00,54.19733310328349,False
4500018196_00001,Create Purchase Order Item -> Change Price,2018-08-16 08:18:37.302289066+00:00,33.57404331628776,False
4500007702_00001,Create Purchase Order Item -> Change Price,2018-08-16 15:15:21.495697970+00:00,47.32335439724482,False
4500005535_00001,Record Goods Receipt -> Record Invoice Receipt,2018-08-16 17:05:43.166656096+00:00,33.05000774345144,False
4500000621_00001,Create Purchase Order Item -> Record Goods Receipt,2018-08-16 17:57:18.180988621+00:00,72.8955841473847,True
4500019235_00001,Record Goods Receipt -> Record Invoice Receipt,2018-08-17 03:25:43.719154333+00:00,19.556120353465914,False
4500003025_00001,Record Invoice Receipt -> Set Payment Block,2018-08-17 07:31:02.252403813+00:00,13.517391436169987,False
4500014654_00001,Record Goods Receipt -> Record Invoice Receipt,2018-08-17 12:07:55.203727539+00:00,21.44950542736756,False
4500012653_00001,Record Invoice Receipt -> Clear Invoice,2018-08-17 12:47:51.974783993+00:00,9.332681576228541,False
4500000030_00001,Record Invoice Receipt -> Clear Invoice,2018-08-17 13:00:47.833714884+00:00,6.246645432823079,False
4500006417_00001,Record Goods Receipt -> Record Invoice Receipt,2018-08-17 15:46:42.510896560+00:00,18.98620558630338,False
4500013115_00001,Change Price -> Record Goods Receipt,2018-08-17 17:20:29.097670453+00:00,37.043336723384044,False
4500009095_00001,Create Purchase Order Item -> Record Goods Receipt,2018-08-17 22:05:50.539748523+00:00,16.713255660822142,False
4500012869_00001,Record Goods Receipt -> Record Invoice Receipt,2018-08-18 02:17:39.374103923+00:00,6.3157061134624195,False
4500009367_00001,Record Goods Receipt -> Record Goods Receipt,2018-08-18 03:57:52.873787785+00:00,18.356592789465346,False
4500011595_00001,Create Purchase Order Item -> Record Goods Receipt,2018-08-18 07:25:32.063734621+00:00,40.71908038870167,False
4500018406_00001,Record Invoice Receipt -> Clear Invoice,2018-08-18 09:24:33.001240052+00:00,26.785641158269804,False
4500016121_00001,Record Invoice Receipt -> Clear Invoice,2018-08-18 14:40:38.676569664+00:00,5.034561425112396,False
4500000853_00001,Record Goods Receipt -> Record Invoice Receipt,2018-08-18 14:41:10.334092682+00:00,48.178430999852374,True
4500000814_00001,Record Invoice Receipt -> Clear Invoice,2018-08-18 14:52:49.168713658+00:00,0.08617882364006944,False
4500001742_00001,Record Goods Receipt -> Record Invoice Receipt,2018-08-18 15:59:07.969385869+00:00,22.60143617176015,False
4500010094_00001,Record Goods Receipt -> Record Invoice Receipt,2018-08-18 19:51:02.155672268+00:00,22.360014072425912,False
4500012165_00001,Record Invoice Receipt -> Clear Invoice,2018-08-19 02:02:45.502033680+00:00,107.50640660466969,True
4500006310_00001,Create Purchase Order Item -> Record Goods Receipt,2018-08-19 05:48:25.266490687+00:00,13.074972574027386,False
4500018926_00001,Record Goods Receipt -> Record Invoice Receipt,2018-08-19 10:27:43.806001465+00:00,33.935129690182585,False
4500016947_00001,Record Goods Receipt -> Record Invoice Receipt,2018-08-19 12:43:19.124132623+00:00,31.978096391856308,False
4500009723_00001,Create Purchase Order Item -> Record Goods Receipt,2018-08-19 17:04:19.326836511+00:00,37.90591468370491,False
4500018404_00001,Record Invoice Receipt -> Set Payment Block,2018-08-20 01:45:48.081097165+00:00,22.123378868335347,False
4500005976_00001,Create Purchase Order Item -> Record Goods Receipt,2018-08-20 07:18:47.059184891+00:00,57.290646652120046,True
4500019700_00001,Record Goods Receipt -> Record Invoice Receipt,2018-08-20 09:45:22.102804714+00:00,59.93652178723346,True
4500003549_00001,Create Purchase Order Item -> Record Goods Receipt,2018-08-20 12:09:14.172998639+00:00,59.48836142856561,True
4500008458_00001,Record Goods Receipt -> Record Invoice Receipt,2018-08-20 17:56:30.722102484+00:00,21.22373441138265,False
4500008980_00001,Create Purchase Order Item -> Change Price,2018-08-20 19:01:30.291293070+00:00,52.24675847177239,False
4500016153_00001,Record Goods Receipt -> Record Invoice Receipt,2018-08-20 19:54:54.395876507+00:00,21.924591528900738,False
4500009275_00001,Record Goods Receipt -> Record Invoice Receipt,2018-08-21 03:08:15.464406846+00:00,130.76602225229212,True
4500011140_00001,Record Invoice Receipt -> Clear Invoice,2018-08-21 07:18:57.015652609+00:00,5.127425382004086,False
4500019407_00001,Record Goods Receipt -> Record Invoice Receipt,2018-08-21 07:35:00.838872468+00:00,6.230932653557037,False
4500001861_00001,Record Goods Receipt -> Record Invoice Receipt,2018-08-21 07:55:17.998561706+00:00,41.35647463395742,False
4500004533_00001,Create Purchase Order Item -> Change Price,2018-08-21 11:45:23.799973930+00:00,65.36182689718467,False
4500007880_00001,Record Invoice Receipt -> Clear Invoice,2018-08-21 12:19:33.945162102+00:00,48.3628528005708,True
4500012903_00001,Create Purchase Order Item -> Record Goods Receipt,2018-08-21 15:23:26.739102499+00:00,59.14200204160197,True
4500008595_00001,Record Invoice Receipt -> Set Payment Block,2018-08-21 18:21:57.622180694+00:00,50.14282803833923,False
4500017332_00001,Record Invoice Receipt -> Clear Invoice,2018-08-22 20:49:07.456884484+00:00,1.4400849531826851,False
4500016093_00001,Create Purchase Order Item -> Record Goods Receipt,2018-08-22 21:31:13.699549575+00:00,28.88130526963456,False
4500017172_00001,Create Purchase Order Item -> Record Goods Receipt,2018-08-22 22:09:22.101383299+00:00,76.02852168346038,True
4500019690_00001,Record Goods Receipt -> Record Invoice Receipt,2018-08-23 03:56:05.124960479+00:00,15.285962545625068,False
4500000985_00001,Set Payment Block -> Remove Payment Block,2018-08-23 09:08:54.609948350+00:00,106.61152185584258,True
4500014508_00001,Record Invoice Receipt -> Clear Invoice,2018-08-23 10:45:04.713301519+00:00,37.808958901126836,True
4500008531_00001,Record Invoice Receipt -> Clear Invoice,2018-08-23 17:42:00.321510560+00:00,33.44940120160907,True
4500008798_00001,Create Purchase Order Item -> Record Goods Receipt,2018-08-23 20:14:18.741652859+00:00,40.26779710051479,False
4500004750_00001,Set Payment Block -> Remove Payment Block,2018-08-23 22:55:55.264421016+00:00,21.881398573350847,True
4500005168_00001,Record Invoice Receipt -> Clear Invoice,2018-08-23 23:11:51.022451587+00:00,16.354935503100812,False
4500006290_00001,Record Invoice Receipt -> Clear Invoice,2018-08-24 07:37:53.771126845+00:00,85.21359296345177,True
4500017458_00001,Create Purchase Order Item -> Change Price,2018-08-24 08:56:12.548459854+00:00,73.23364933636145,True
4500019893_00001,Record Goods Receipt -> Record Goods Receipt,2018-08-24 11:34:14.685225932+00:00,110.02761297688977,True
4500005404_00001,Create Purchase Order Item -> Record Goods Receipt,2018-08-24 11:57:13.872757467+00:00,65.1827083667581,True
4500008579_00001,Record Goods Receipt -> Record Invoice Receipt,2018-08-24 12:59:40.744607776+00:00,26.235538180625316,False
4500014266_00001,Record Goods Receipt -> Record Invoice Receipt,2018-08-24 13:47:30.737273518+00:00,55.82653765913266,True
4500006151_00001,Remove Payment Block -> Clear Invoice,2018-08-24 18:21:58.037639091+00:00,5.827341378708102,True
4500010427_00001,Record Invoice Receipt -> Set Payment Block,2018-08-24 18:22:57.396855245+00:00,15.162502723323923,False
4500010852_00001,Record Invoice Receipt -> Clear Invoice,2018-08-24 19:59:01.014561841+00:00,11.37697727336132,False
4500014625_00001,Create Purchase Order Item -> Record Goods Receipt,2018-08-24 23:50:11.507695595+00:00,73.39283596710398,True
4500018587_00001,Record Goods Receipt -> Record Invoice Receipt,2018-08-25 00:35:18.492554961+00:00,8.630534967382985,False
4500009077_00001,Record Goods Receipt -> Record Goods Receipt,2018-08-25 05:10:45.315156433+00:00,6.5919183276453355,False
4500013328_00001,Remove Payment Block -> Clear Invoice,2018-08-25 05:38:20.465542343+00:00,24.465051450574258,True
4500000441_00001,Create Purchase Order Item -> Record Goods Receipt,2018-08-25 07:11:23.003062831+00:00,36.311464958574255,False
4500000262_00001,Record Invoice Receipt -> Set Payment Block,2018-08-25 11:20:18.240184704+00:00,19.655872268020616,False
4500012509_00001,Record Goods Receipt -> Record Invoice Receipt,2018-08-25 13:42:51.829357963+00:00,78.31337772918235,True
4500008844_00001,Create Purchase Order Item -> Record Goods Receipt,2018-08-25 21:32:39.843269155+00:00,29.05933311546867,False
4500004562_00001,Create Purchase Order Item -> Change Price,2018-08-26 01:38:20.867522494+00:00,53.27373567580859,False
4500004000_00001,Record Goods Receipt -> Record Invoice Receipt,2018-08-26 06:49:54.133510960+00:00,7.791620040578854,False
4500001345_00001,Change Price -> Record Goods Receipt,2018-08-26 15:28:08.398288339+00:00,60.04868718749702,True
4500016861_00001,Record Goods Receipt -> Record Invoice Receipt,2018-08-26 18:24:54.568886059+00:00,34.94312925678389,False
4500009599_00001,Record Goods Receipt -> Record Invoice Receipt,2018-08-26 21:15:07.324583798+00:00,138.1247378031757,True
4500019250_00001,Create Purchase Order Item -> Record Goods Receipt,2018-08-27 00:52:12.273767435+00:00,27.00056411120612,False
4500016130_00001,Record Invoice Receipt -> Clear Invoice,2018-08-27 01:47:54.709836654+00:00,13.182759135956877,False
4500010297_00001,Record Goods Receipt -> Record Invoice Receipt,2018-08-27 11:09:37.690481085+00:00,32.68415990097549,True
4500019242_00001,Create Purchase Order Item -> Record Goods Receipt,2018-08-27 17:43:56.638270135+00:00,89.53263437430603,True
4500015820_00001,Create Purchase Order Item -> Record Goods Receipt,2018-08-27 20:06:02.538319499+00:00,36.68449236479906,False
4500006278_00001,Create Purchase Order Item -> Record Goods Receipt,2018-08-27 23:12:31.305675759+00:00,15.788271205712766,False
4500000198_00001,Record Invoice Receipt -> Clear Invoice,2018-08-28 04:00:50.682231499+00:00,11.184944809444652,False
4500016757_00001,Create Purchase Order Item -> Record Goods Receipt,2018-08-28 10:29:47.480506207+00:00,45.15818114888051,False
4500019667_00001,Record Goods Receipt -> Record Invoice Receipt,2018-08-28 13:39:30.259224607+00:00,68.46122187683441,True
4500001474_00001,Change Price -> Record Goods Receipt,2018-08-29 06:13:31.626463766+00:00,101.53778092793472,True
4500008624_00001,Create Purchase Order Item -> Record Goods Receipt,2018-08-29 09:10:06.149787351+00:00,67.635441390347,True
4500018358_00001,Record Invoice Receipt -> Clear Invoice,2018-08-29 09:21:49.375721842+00:00,23.714056276836004,False
4500019279_00001,Record Goods Receipt -> Record Invoice Receipt,2018-08-29 10:02:11.901277461+00:00,11.190029685862466,False
4500019875_00001,Create Purchase Order Item -> Record Goods Receipt,2018-08-29 11:43:09.372379375+00:00,40.864932495618646,False
4500006851_00001,Record Goods Receipt -> Record Invoice Receipt,2018-08-29 14:38:14.868837591+00:00,40.16824165027331,False
4500019367_00001,Record Goods Receipt -> Record Invoice Receipt,2018-08-29 20:33:06.806538613+00:00,17.810505002817234,False
4500008633_00001,Record Invoice Receipt -> Clear Invoice,2018-08-29 21:08:24.740761650+00:00,31.250229633136634,False
4500003319_00001,Record Goods Receipt -> Record Invoice Receipt,2018-08-29 22:35:10.519639663+00:00,30.573624787707118,False
4500007288_00001,Set Payment Block -> Remove Payment Block,2018-08-30 09:28:31.916297821+00:00,28.216691548752177,True
4500015552_00001,Change Price -> Record Goods Receipt,2018-08-30 11:50:00.436197703+00:00,50.466585295320115,False
4500017490_00001,Record Goods Receipt -> Record Invoice Receipt,2018-08-30 18:34:06.760028577+00:00,63.217120658316276,True
4500016551_00001,Create Purchase Order Item -> Record Goods Receipt,2018-08-30 20:41:59.325307415+00:00,51.864901725280646,False
4500013434_00001,Record Goods Receipt -> Record Invoice Receipt,2018-08-30 23:14:43.064438291+00:00,15.616061189853866,False
4500001100_00001,Create Purchase Order Item -> Record Goods Receipt,2018-08-31 02:23:56.618780027+00:00,11.541988969482732,False
4500016164_00001,Record Invoice Receipt -> Set Payment Block,2018-08-31 14:12:42.141416859+00:00,36.44264101606287,False
4500004073_00001,Change Price -> Record Goods Receipt,2018-08-31 22:37:00.857480040+00:00,42.620093406781656,False
4500006470_00001,Record Invoice Receipt -> Clear Invoice,2018-09-01 02:26:43.935190995+00:00,1.8981410633669678,False
4500011354_00001,Record Goods Receipt -> Record Invoice Receipt,2018-09-01 03:42:52.879643032+00:00,30.082266459525254,False
4500013270_00001,Create Purchase Order Item -> Record Goods Receipt,2018-09-01 04:56:06.789487835+00:00,44.230001046728624,False
4500005405_00001,Set Payment Block -> Remove Payment Block,2018-09-01 07:36:41.927755138+00:00,323.2444858584775,True
4500017257_00001,Record Invoice Receipt -> Set Payment Block,2018-09-01 15:12:20.919786452+00:00,71.11606655204528,True
4500012694_00001,Record Invoice Receipt -> Clear Invoice,2018-09-01 18:24:50.547217106+00:00,17.773222333409226,False
4500009208_00001,Create Purchase Order Item -> Record Goods Receipt,2018-09-02 04:21:46.386563683+00:00,81.82004497602323,True
4500015514_00001,Record Goods Receipt -> Record Invoice Receipt,2018-09-02 12:24:34.780564701+00:00,21.77679693220242,False
4500010291_00001,Remove Payment Block -> Clear Invoice,2018-09-02 19:00:35.588222820+00:00,52.25252416074686,True
4500014886_00001,Create Purchase Order Item -> Record Goods Receipt,2018-09-02 21:20:43.837612651+00:00,94.3478308154959,True
4500019837_00001,Create Purchase Order Item -> Record Goods Receipt,2018-09-02 22:44:19.959471399+00:00,57.183704637040336,True
4500007672_00001,Record Goods Receipt -> Record Invoice Receipt,2018-09-03 00:12:34.889564785+00:00,14.56792043868147,False
4500005578_00001,Record Goods Receipt -> Record Invoice Receipt,2018-09-03 01:45:54.834940510+00:00,94.00191664638132,True
4500013074_00001,Record Invoice Receipt -> Clear Invoice,2018-09-03 02:24:03.001227967+00:00,7.41573554348331,False
4500000688_00001,Record Goods Receipt -> Record Invoice Receipt,2018-09-03 05:02:10.115034807+00:00,16.612385373440336,False
4500007428_00001,Change Price -> Record Goods Receipt,2018-09-03 21:53:44.946263657+00:00,53.108578779840585,True
4500000795_00001,Record Goods Receipt -> Record Invoice Receipt,2018-09-03 22:22:21.710921625+00:00,29.34517673760619,False
4500010504_00001,Record Goods Receipt -> Record Invoice Receipt,2018-09-04 03:35:26.571082164+00:00,110.70658888450518,True
4500005125_00001,Record Goods Receipt -> Record Invoice Receipt,2018-09-04 08:48:47.428387531+00:00,47.58048462484485,True
4500008135_00001,Record Goods Receipt -> Record Invoice Receipt,2018-09-05 07:54:36.784734393+00:00,19.59383422959881,False
4500005333_00001,Record Goods Receipt -> Record Invoice Receipt,2018-09-05 10:19:57.959840284+00:00,42.263332294582185,True
4500009031_00001,Record Invoice Receipt -> Clear Invoice,2018-09-05 13:32:59.866598605+00:00,7.576043263218067,False
4500000738_00001,Record Invoice Receipt -> Clear Invoice,2018-09-05 20:11:21.258441324+00:00,1.2508142374384492,False
4500015294_00001,Create Purchase Order Item -> Record Goods Receipt,2018-09-05 20:20:03.920088671+00:00,80.3665435187271,True
4500004902_00001,Create Purchase Order Item -> Record Goods Receipt,2018-09-06 01:38:25.194709767+00:00,101.92320271574498,True
4500011112_00001,Create Purchase Order Item -> Record Goods Receipt,2018-09-06 03:29:10.736668791+00:00,131.55257052599362,True
4500004054_00001,Create Purchase Order Item -> Record Goods Receipt,2018-09-06 12:09:58.784412911+00:00,17.762088627058578,False
4500005097_00001,Record Goods Receipt -> Record Invoice Receipt,2018-09-06 15:39:57.846181676+00:00,56.80830799041775,True
4500014191_00001,Record Goods Receipt -> Record Invoice Receipt,2018-09-06 18:30:04.909599489+00:00,19.68178746613824,False
4500001746_00001,Create Purchase Order Item -> Record Goods Receipt,2018-09-06 18:36:50.553618147+00:00,37.66435873230468,False
4500019787_00001,Record Goods Receipt -> Record Invoice Receipt,2018-09-07 03:13:29.722857320+00:00,78.66709669018678,True
4500012385_00001,Create Purchase Order Item -> Record Goods Receipt,2018-09-07 07:06:02.605438715+00:00,173.86483248234626,True
4500019261_00001,Record Goods Receipt -> Record Invoice Receipt,2018-09-07 08:40:48.670659456+00:00,22.37403281778272,False
4500001142_00001,Record Invoice Receipt -> Clear Invoice,2018-09-07 10:39:37.952998491+00:00,1.251269305081227,False
4500011044_00001,Create Purchase Order Item -> Record Goods Receipt,2018-09-07 13:38:42.638845191+00:00,39.05070516687638,False
4500009307_00001,Record Goods Receipt -> Record Invoice Receipt,2018-09-07 15:13:48.016508476+00:00,26.543789732839606,False
4500005234_00001,Create Purchase Order Item -> Record Goods Receipt,2018-09-07 21:16:50.184324771+00:00,88.14435578398881,True
4500018873_00001,Record Goods Receipt -> Record Invoice Receipt,2018-09-07 21:51:40.941219708+00:00,14.999468075592883,False
4500007047_00001,Create Purchase Order Item -> Record Goods Receipt,2018-09-07 23:31:07.264838599+00:00,20.11751786881382,False
4500017121_00001,Record Goods Receipt -> Record Goods Receipt,2018-09-08 06:38:17.517279369+00:00,62.30566097862437,True
4500011606_00001,Record Invoice Receipt -> Set Payment Block,2018-09-08 11:30:19.796313394+00:00,24.726944673998045,False
4500019270_00001,Create Purchase Order Item -> Record Goods Receipt,2018-09-08 11:37:23.058377599+00:00,126.32387902913332,True
4500005861_00001,Record Goods Receipt -> Record Invoice Receipt,2018-09-08 13:16:04.860536683+00:00,4.829995805470371,False
4500008309_00001,Change Price -> Record Goods Receipt,2018-09-08 19:08:02.610736997+00:00,43.601913131517556,False
4500008123_00001,Change Price -> Record Goods Receipt,2018-09-08 22:24:23.740365764+00:00,52.077787654866306,False
4500011533_00001,Record Goods Receipt -> Record Invoice Receipt,2018-09-09 00:04:22.882389131+00:00,10.325433856127662,False
4500008422_00001,Record Invoice Receipt -> Clear Invoice,2018-09-09 05:57:07.068108187+00:00,10.240909490429027,False
4500016609_00001,Record Goods Receipt -> Record Invoice Receipt,2018-09-09 06:31:22.998077236+00:00,5.9819235936577195,False
4500010584_00001,Create Purchase Order Item -> Record Goods Receipt,2018-09-09 10:08:41.127100867+00:00,35.562908299735554,False
4500005829_00001,Create Purchase Order Item -> Record Goods Receipt,2018-09-09 13:49:44.036738983+00:00,29.164337677742047,False
4500016711_00001,Record Invoice Receipt -> Clear Invoice,2018-09-09 13:58:05.936727097+00:00,0.9324567405765162,False
4500004159_00001,Record Invoice Receipt -> Clear Invoice,2018-09-09 14:55:18.103352728+00:00,246.78813318796804,True
4500015561_00001,Record Goods Receipt -> Record Invoice Receipt,2018-09-09 17:37:35.303566617+00:00,9.61782002755308,False
4500004087_00001,Record Invoice Receipt -> Set Payment Block,2018-09-10 02:03:14.150144425+00:00,22.01493756202009,False
4500004470_00001,Create Purchase Order Item -> Record Goods Receipt,2018-09-10 08:55:15.552564459+00:00,58.54622321352933,True
4500000341_00001,Create Purchase Order Item -> Record Goods Receipt,2018-09-10 13:42:45.845269503+00:00,204.71384986741205,True
4500001934_00001,Create Purchase Order Item -> Record Goods Receipt,2018-09-10 13:45:27.436089327+00:00,35.30371425402438,False
4500000560_00001,Create Purchase Order Item -> Record Goods Receipt,2018-09-10 18:33:04.205428323+00:00,23.412008168975625,False
4500005662_00001,Record Invoice Receipt -> Clear Invoice,2018-09-10 20:58:40.591443596+00:00,0.41554570293409726,False
4500006226_00001,Record Goods Receipt -> Record Invoice Receipt,2018-09-10 22:10:12.788262715+00:00,85.648663589707,True
4500003135_00001,Record Goods Receipt -> Record Invoice Receipt,2018-09-11 00:29:24.519016926+00:00,22.675239235210405,False
4500006586_00001,Create Purchase Order Item -> Record Goods Receipt,2018-09-11 04:45:39.934378391+00:00,40.89625702333696,False
4500000471_00001,Change Price -> Record Goods Receipt,2018-09-11 08:01:24.604538456+00:00,45.495721732959964,False
4500000009_00001,Record Invoice Receipt -> Clear Invoice,2018-09-11 09:08:09.462897302+00:00,57.620578135846124,True
4500018276_00001,Record Goods Receipt -> Record Invoice Receipt,2018-09-11 09:08:28.720768689+00:00,77.70884838901733,True
4500007713_00001,Create Purchase Order Item -> Record Goods Receipt,2018-09-11 10:11:35.832111059+00:00,16.83841060585683,False
4500007365_00001,Create Purchase Order Item -> Record Goods Receipt,2018-09-11 11:44:12.984194619+00:00,17.908000479880428,False
4500001980_00001,Create Purchase Order Item -> Record Goods Receipt,2018-09-11 19:36:33.400178171+00:00,43.18424640517276,False
4500002872_00001,Record Invoice Receipt -> Set Payment Block,2018-09-11 20:09:29.903553202+00:00,36.2414684002848,False
4500012064_00001,Record Goods Receipt -> Record Goods Receipt,2018-09-12 14:57:18.334410687+00:00,51.94252364058665,False
4500011407_00001,Set Payment Block -> Remove Payment Block,2018-09-12 16:11:24.109539221+00:00,13.79712331431169,True
4500006613_00001,Create Purchase Order Item -> Record Goods Receipt,2018-09-12 23:09:39.144818919+00:00,70.1629448414833,True
4500018868_00001,Record Goods Receipt -> Record Invoice Receipt,2018-09-13 00:15:44.182497981+00:00,53.87875561660932,True
4500018147_00001,Record Invoice Receipt -> Clear Invoice,2018-09-13 03:14:27.195834152+00:00,20.66943250786464,False
4500002146_00001,Record Goods Receipt -> Record Invoice Receipt,2018-09-13 11:01:46.761642241+00:00,101.51435064108144,True
4500014618_00001,Record Invoice Receipt -> Set Payment Block,2018-09-13 14:58:27.982544659+00:00,10.221826408426551,False
4500006012_00001,Create Purchase Order Item -> Record Goods Receipt,2018-09-13 15:53:47.192876131+00:00,22.270231225403855,False
4500002329_00001,Record Goods Receipt -> Record Invoice Receipt,2018-09-13 21:17:59.065181781+00:00,13.66137362892111,False
4500003146_00001,Record Goods Receipt -> Record Invoice Receipt,2018-09-13 21:56:37.524042437+00:00,10.257361750414525,False
4500001415_00001,Record Goods Receipt -> Record Invoice Receipt,2018-09-14 00:34:09.067870424+00:00,46.37291300818235,True
4500008508_00001,Record Goods Receipt -> Record Goods Receipt,2018-09-14 02:19:32.638147340+00:00,40.838843585301234,False
4500016398_00001,Create Purchase Order Item -> Record Goods Receipt,2018-09-14 04:24:29.263487359+00:00,21.09828609383604,False
4500001456_00001,Record Invoice Receipt -> Clear Invoice,2018-09-14 08:23:49.643209093+00:00,39.142281318570674,True
4500009891_00001,Record Invoice Receipt -> Clear Invoice,2018-09-14 08:59:14.504418073+00:00,12.526814364151031,False
4500000615_00001,Remove Payment Block -> Clear Invoice,2018-09-14 09:17:10.771078407+00:00,9.302991116695242,False
4500015125_00001,Record Goods Receipt -> Record Invoice Receipt,2018-09-14 13:10:59.958339949+00:00,16.372744157080323,False
4500011432_00001,Record Goods Receipt -> Record Invoice Receipt,2018-09-14 17:02:45.646374021+00:00,12.817608844273957,False
4500000996_00001,Record Goods Receipt -> Record Invoice Receipt,2018-09-14 19:50:55.843122909+00:00,42.65090910648939,False
4500009483_00001,Create Purchase Order Item -> Change Price,2018-09-14 19:59:06.615748234+00:00,20.63581821903796,False
4500010947_00001,Create Purchase Order Item -> Record Goods Receipt,2018-09-15 00:26:32.167351383+00:00,58.405536730346284,True
4500008965_00001,Record Goods Receipt -> Record Invoice Receipt,2018-09-15 12:22:29.293912972+00:00,23.074913656262396,False
4500019529_00001,Record Invoice Receipt -> Clear Invoice,2018-09-15 12:48:52.142381606+00:00,0.9257926699940277,False
4500011374_00001,Record Goods Receipt -> Record Invoice Receipt,2018-09-15 17:05:57.756168431+00:00,10.64377749679647,False
4500005217_00001,Record Goods Receipt -> Record Invoice Receipt,2018-09-15 17:16:10.242844155+00:00,8.659407106788912,False
4500017733_00001,Record Goods Receipt -> Record Invoice Receipt,2018-09-15 18:12:27.067649305+00:00,21.685353680966227,False
4500001839_00001,Record Invoice Receipt -> Clear Invoice,2018-09-15 21:38:32.234078656+00:00,7.093350684674988,False
4500015913_00001,Set Payment Block -> Remove Payment Block,2018-09-15 21:40:53.329650584+00:00,107.44651984786583,True
4500010702_00001,Record Invoice Receipt -> Clear Invoice,2018-09-15 22:00:56.253755595+00:00,42.55331341570014,True
4500018657_00001,Record Goods Receipt -> Record Invoice Receipt,2018-09-16 04:13:42.611213598+00:00,12.067159383309017,False
4500006280_00001,Record Invoice Receipt -> Clear Invoice,2018-09-16 05:22:46.450384025+00:00,17.754289662078634,False
4500007253_00001,Record Invoice Receipt -> Clear Invoice,2018-09-16 05:23:52.823132373+00:00,7.352742571410892,False
4500016856_00001,Record Invoice Receipt -> Clear Invoice,2018-09-16 14:05:16.300429577+00:00,21.729602904938044,False
4500012744_00001,Record Goods Receipt -> Record Invoice Receipt,2018-09-17 01:19:33.525351771+00:00,48.61180766297513,True
4500015386_00001,Create Purchase Order Item -> Record Goods Receipt,2018-09-17 05:51:26.582430819+00:00,126.94696312977828,True
4500014644_00001,Record Invoice Receipt -> Set Payment Block,2018-09-17 10:53:01.754920578+00:00,99.72485809045156,True
4500006602_00001,Create Purchase Order Item -> Record Goods Receipt,2018-09-17 21:50:13.097327311+00:00,16.912593906091075,False
4500017050_00001,Record Goods Receipt -> Record Goods Receipt,2018-09-17 22:23:04.610414921+00:00,23.03069842145719,False
4500007807_00001,Record Goods Receipt -> Record Invoice Receipt,2018-09-18 13:15:18.458095181+00:00,39.041067897170045,False
4500016955_00001,Record Invoice Receipt -> Clear Invoice,2018-09-18 22:27:52.800521897+00:00,55.32571915106045,True
4500017532_00001,Record Goods Receipt -> Record Invoice Receipt,2018-09-19 04:03:15.563290814+00:00,23.398342505338473,False
4500015868_00001,Record Goods Receipt -> Record Invoice Receipt,2018-09-19 11:25:52.090530078+00:00,15.73211397931236,False
4500007016_00001,Record Invoice Receipt -> Clear Invoice,2018-09-19 13:34:16.132887825+00:00,26.905491042685068,False
4500018600_00001,Record Invoice Receipt -> Clear Invoice,2018-09-19 16:34:15.072477870+00:00,5.511650783100567,False
4500015513_00001,Record Invoice Receipt -> Set Payment Block,2018-09-19 21:57:58.440062292+00:00,11.121434418205382,False
4500000149_00001,Create Purchase Order Item -> Record Goods Receipt,2018-09-19 23:47:04.895554835+00:00,61.95833844016439,True
4500016912_00001,Record Invoice Receipt -> Clear Invoice,2018-09-20 03:24:28.861340194+00:00,7.177396109037002,False
4500010614_00001,Create Purchase Order Item -> Record Goods Receipt,2018-09-20 08:38:25.828339723+00:00,23.585128318428335,False
4500013655_00001,Record Goods Receipt -> Record Invoice Receipt,2018-09-20 10:34:06.106237894+00:00,66.70517785318677,True
4500006090_00001,Record Goods Receipt -> Record Invoice Receipt,2018-09-20 13:38:37.857470259+00:00,103.82544667938774,True
4500001593_00001,Remove Payment Block -> Clear Invoice,2018-09-20 16:42:48.828522533+00:00,13.148738321367604,False
4500003256_00001,Create Purchase Order Item -> Record Goods Receipt,2018-09-20 19:31:20.771518551+00:00,117.24286841175804,True
4500019433_00001,Record Invoice Receipt -> Clear Invoice,2018-09-20 21:27:10.549196681+00:00,9.054958340780093,False
4500019478_00001,Create Purchase Order Item -> Record Goods Receipt,2018-09-20 23:56:30.029112103+00:00,87.10109304803919,True
4500005060_00001,Change Price -> Record Goods Receipt,2018-09-21 11:26:24.571856570+00:00,15.900896914883356,False
4500005223_00001,Record Goods Receipt -> Record Goods Receipt,2018-09-21 13:55:17.775622897+00:00,48.79698647799319,False
4500008961_00001,Record Invoice Receipt -> Clear Invoice,2018-09-21 16:41:52.913473539+00:00,1.3891626193594098,False
4500007078_00001,Record Invoice Receipt -> Clear Invoice,2018-09-21 19:18:24.842828603+00:00,5.634106331359386,False
4500016740_00001,Change Price -> Record Goods Receipt,2018-09-21 20:26:37.533664131+00:00,26.711940680459236,False
4500000148_00001,Record Invoice Receipt -> Clear Invoice,2018-09-21 20:31:00.153038132+00:00,8.20121251133707,False
4500003447_00001,Record Goods Receipt -> Record Invoice Receipt,2018-09-22 00:43:14.596819246+00:00,8.556574846911227,False
4500017824_00001,Record Invoice Receipt -> Clear Invoice,2018-09-22 02:23:33.338516533+00:00,23.366332360262383,False
4500005128_00001,Create Purchase Order Item -> Record Goods Receipt,2018-09-22 10:53:09.366202171+00:00,28.319268356057524,False
4500014938_00001,Create Purchase Order Item -> Record Goods Receipt,2018-09-22 22:12:05.899391291+00:00,41.40120560824393,False
4500009303_00001,Change Price -> Record Goods Receipt,2018-09-22 22:18:20.525143907+00:00,40.503347441042045,False
4500001341_00001,Record Goods Receipt -> Record Invoice Receipt,2018-09-23 01:27:02.698162065+00:00,36.74956574586551,False
4500012226_00001,Create Purchase Order Item -> Record Goods Receipt,2018-09-23 02:52:40.815439707+00:00,32.28461878148913,False
4500019794_00001,Record Goods Receipt -> Record Invoice Receipt,2018-09-23 03:03:06.131870573+00:00,62.32937302972534,True
4500019495_00001,Create Purchase Order Item -> Record Goods Receipt,2018-09-23 09:22:16.699280683+00:00,53.65951051645816,False
4500000284_00001,Record Goods Receipt -> Record Invoice Receipt,2018-09-23 10:19:52.845396459+00:00,42.128206408708984,False
4500007978_00001,Create Purchase Order Item -> Record Goods Receipt,2018-09-23 13:47:21.334420139+00:00,89.60662187362745,True
4500006852_00001,Record Goods Receipt -> Record Invoice Receipt,2018-09-23 18:18:46.535973745+00:00,19.836523490544444,False
4500015963_00001,Record Goods Receipt -> Record Invoice Receipt,2018-09-23 20:43:06.545793889+00:00,24.604853620958544,False
4500014907_00001,Create Purchase Order Item -> Record Goods Receipt,2018-09-24 12:25:55.896391599+00:00,13.528293324920185,False
4500011213_00001,Record Goods Receipt -> Record Invoice Receipt,2018-09-24 15:35:24.990468282+00:00,21.4895223976009,False
4500001200_00001,Change Price -> Record Goods Receipt,2018-09-24 17:23:33.431191073+00:00,20.908097279239353,False
4500003080_00001,Record Invoice Receipt -> Clear Invoice,2018-09-25 00:40:55.406496997+00:00,6.1454677983406025,False
4500012225_00001,Record Goods Receipt -> Record Invoice Receipt,2018-09-25 01:22:33.596389149+00:00,9.071630048666435,False
4500016005_00001,Record Goods Receipt -> Record Invoice Receipt,2018-09-25 01:36:08.881184058+00:00,7.442598385821018,False
4500003020_00001,Record Goods Receipt -> Record Invoice Receipt,2018-09-25 05:19:50.022839542+00:00,32.47489947764987,False
4500003480_00001,Record Invoice Receipt -> Clear Invoice,2018-09-25 05:25:15.033711547+00:00,3.5415027314209024,False
4500005735_00001,Create Purchase Order Item -> Record Goods Receipt,2018-09-25 07:21:32.015021083+00:00,50.46620491226956,False
4500008967_00001,Record Goods Receipt -> Record Invoice Receipt,2018-09-25 13:46:25.897949669+00:00,43.25720710386495,False
4500011785_00001,Create Purchase Order Item -> Record Goods Receipt,2018-09-25 14:43:57.408507603+00:00,129.46105803207251,True
4500018819_00001,Change Price -> Record Goods Receipt,2018-09-25 14:47:49.407379242+00:00,25.038022033799642,False
4500010738_00001,Record Goods Receipt -> Record Invoice Receipt,2018-09-25 21:57:21.261179666+00:00,73.70720122478237,True
4500006683_00001,Create Purchase Order Item -> Record Goods Receipt,2018-09-25 23:49:29.024540999+00:00,38.6389295469437,False
4500019241_00001,Record Goods Receipt -> Record Invoice Receipt,2018-09-26 03:09:07.215841593+00:00,35.282649652918046,False
4500007454_00001,Create Purchase Order Item -> Record Goods Receipt,2018-09-26 08:28:09.363371467+00:00,49.76927235160507,False
4500015304_00001,Record Goods Receipt -> Record Invoice Receipt,2018-09-26 10:02:34.371005039+00:00,45.77566779134605,True
4500012919_00001,Create Purchase Order Item -> Record Goods Receipt,2018-09-26 15:15:25.733798607+00:00,74.36526543008664,True
4500019970_00001,Create Purchase Order Item -> Record Goods Receipt,2018-09-26 23:38:36.627406691+00:00,80.73123021680478,True
4500000312_00001,Record Invoice Receipt -> Clear Invoice,2018-09-27 05:44:46.124349117+00:00,8.907755973000208,False
4500001807_00001,Create Purchase Order Item -> Record Goods Receipt,2018-09-27 07:29:12.727923391+00:00,19.763554570461135,False
4500013771_00001,Create Purchase Order Item -> Record Goods Receipt,2018-09-27 11:21:45.867479635+00:00,219.8063083175405,True
4500008466_00001,Create Purchase Order Item -> Record Goods Receipt,2018-09-27 18:59:25.115556331+00:00,76.41152516025036,True
4500019291_00001,Create Purchase Order Item -> Record Goods Receipt,2018-09-27 21:56:08.854875907+00:00,36.39067135514229,False
4500007410_00001,Record Invoice Receipt -> Clear Invoice,2018-09-28 03:24:01.148447094+00:00,0.783492613269375,False
4500001640_00001,Change Price -> Record Goods Receipt,2018-09-28 03:57:15.762477655+00:00,42.15892132206731,False
4500001361_00001,Record Goods Receipt -> Record Invoice Receipt,2018-09-28 05:31:42.955574796+00:00,12.141384413532696,False
4500015176_00001,Create Purchase Order Item -> Record Goods Receipt,2018-09-28 11:00:15.230300359+00:00,35.97066018684669,False
4500008362_00001,Create Purchase Order Item -> Record Goods Receipt,2018-09-28 20:22:24.285607395+00:00,123.73689573498606,True
4500012730_00001,Set Payment Block -> Remove Payment Block,2018-09-29 00:31:23.310781696+00:00,31.441660390675114,True
4500002431_00001,Record Invoice Receipt -> Clear Invoice,2018-09-29 04:27:27.362774922+00:00,18.93729290151171,False
4500005407_00001,Remove Payment Block -> Clear Invoice,2018-09-29 13:00:01.861275669+00:00,0.363796788469213,False
4500002289_00001,Create Purchase Order Item -> Record Goods Receipt,2018-09-29 16:14:01.298673351+00:00,36.524047073450234,False
4500017826_00001,Remove Payment Block -> Clear Invoice,2018-09-29 17:04:42.059317029+00:00,14.90317751670258,False
4500007203_00001,Record Invoice Receipt -> Clear Invoice,2018-09-29 18:24:44.884220763+00:00,1.8375295112945487,False
4500006140_00001,Create Purchase Order Item -> Record Goods Receipt,2018-09-29 22:09:07.999048307+00:00,50.5496426055721,False
4500002972_00001,Create Purchase Order Item -> Change Price,2018-09-30 02:11:37.955873914+00:00,48.96758503968318,False
4500018757_00001,Record Invoice Receipt -> Set Payment Block,2018-09-30 19:56:50.591255743+00:00,11.090770244636644,False
4500014748_00001,Record Goods Receipt -> Record Invoice Receipt,2018-09-30 21:03:36.927899961+00:00,140.50257167464906,True
4500006561_00001,Record Invoice Receipt -> Clear Invoice,2018-10-01 03:09:03.830986606+00:00,17.0223299997811,False
4500014027_00001,Record Invoice Receipt -> Clear Invoice,2018-10-01 05:56:36.902336210+00:00,7.121917797571482,False
4500003037_00001,Create Purchase Order Item -> Record Goods Receipt,2018-10-01 14:58:02.662601087+00:00,72.21728995367438,True
4500014141_00001,Create Purchase Order Item -> Record Goods Receipt,2018-10-01 15:54:52.619954759+00:00,23.980856447038008,False
4500013535_00001,Change Price -> Record Goods Receipt,2018-10-01 20:30:47.641495891+00:00,36.30749056829262,False
4500010209_00001,Record Goods Receipt -> Record Invoice Receipt,2018-10-02 05:28:30.706496419+00:00,76.0780163716827,True
4500003233_00001,Record Invoice Receipt -> Clear Invoice,2018-10-02 07:27:58.172864409+00:00,1.61660904022169,False
4500006293_00001,Record Invoice Receipt -> Clear Invoice,2018-10-02 09:27:27.992868712+00:00,6.698398156938507,False
4500000018_00001,Change Price -> Record Goods Receipt,2018-10-02 11:05:30.681836432+00:00,57.28209689901963,True
4500001426_00001,Remove Payment Block -> Clear Invoice,2018-10-02 14:22:55.924920963+00:00,18.014563839604246,False
4500007630_00001,Create Purchase Order Item -> Record Goods Receipt,2018-10-02 20:26:35.923748395+00:00,73.25731467873894,True
4500007254_00001,Record Goods Receipt -> Record Invoice Receipt,2018-10-02 21:51:19.924213+00:00,8.243505755685579,False
4500007628_00001,Record Goods Receipt -> Record Invoice Receipt,2018-10-03 02:10:41.221946705+00:00,65.83250743483335,True
4500015470_00001,Set Payment Block -> Remove Payment Block,2018-10-03 04:27:49.310646067+00:00,52.53174438354036,True
4500017646_00001,Set Payment Block -> Remove Payment Block,2018-10-03 05:13:20.515167564+00:00,27.305170093901864,True
4500017508_00001,Set Payment Block -> Remove Payment Block,2018-10-03 11:27:15.453716884+00:00,19.628339050512626,True
4500011250_00001,Record Goods Receipt -> Record Invoice Receipt,2018-10-03 17:38:47.794065741+00:00,31.88167117579243,False
4500010459_00001,Record Invoice Receipt -> Clear Invoice,2018-10-03 19:31:38.788494738+00:00,1.9033422883038078,False
4500012166_00001,Create Purchase Order Item -> Record Goods Receipt,2018-10-03 20:47:08.341383667+00:00,22.308587195659758,False
4500009714_00001,Record Invoice Receipt -> Clear Invoice,2018-10-03 21:43:53.421569571+00:00,3.665777170813356,False
4500006476_00001,Record Invoice Receipt -> Clear Invoice,2018-10-03 22:04:38.469576092+00:00,11.381186505067777,False
4500001237_00001,Create Purchase Order Item -> Record Goods Receipt,2018-10-04 05:15:57.342426923+00:00,96.30994550315495,True
4500006365_00001,Record Goods Receipt -> Record Invoice Receipt,2018-10-04 07:12:56.177469212+00:00,73.30211142106499,True
4500019006_00001,Record Invoice Receipt -> Set Payment Block,2018-10-04 07:17:49.457870409+00:00,22.35283832650184,False
4500016899_00001,Record Goods Receipt -> Record Invoice Receipt,2018-10-04 15:08:38.698868338+00:00,18.731506582698565,False
4500018264_00001,Change Price -> Record Goods Receipt,2018-10-04 18:41:58.372691256+00:00,46.93988535997668,False
4500010058_00001,Create Purchase Order Item -> Record Goods Receipt,2018-10-04 19:39:58.053668379+00:00,65.82796208211607,True
4500017723_00001,Create Purchase Order Item -> Change Price,2018-10-05 05:54:50.726233238+00:00,22.780252557737224,False
4500013717_00001,Record Goods Receipt -> Record Goods Receipt,2018-10-05 06:31:24.903341361+00:00,143.95994315919162,True
4500002002_00001,Remove Payment Block -> Clear Invoice,2018-10-05 09:12:04.709371401+00:00,8.265339688810336,False
4500009585_00001,Create Purchase Order Item -> Change Price,2018-10-05 11:17:20.815162822+00:00,50.54989859871856,False
4500010530_00001,Change Price -> Record Goods Receipt,2018-10-06 01:14:28.130708660+00:00,58.083588850036925,True
4500006050_00001,Record Goods Receipt -> Record Invoice Receipt,2018-10-06 04:06:22.753244216+00:00,6.625181357611297,False
4500017730_00001,Record Invoice Receipt -> Clear Invoice,2018-10-06 14:55:33.405457003+00:00,58.01692035911843,True
4500000475_00001,Create Purchase Order Item -> Change Price,2018-10-06 20:27:13.103188362+00:00,101.34842675977319,True
4500016133_00001,Create Purchase Order Item -> Record Goods Receipt,2018-10-06 21:24:22.988486023+00:00,38.53753267377581,False
4500015784_00001,Create Purchase Order Item -> Record Goods Receipt,2018-10-06 22:08:46.411548851+00:00,21.502926647039757,False
4500016909_00001,Record Goods Receipt -> Record Goods Receipt,2018-10-07 06:02:27.092049787+00:00,20.079629459787036,False
4500004764_00001,Set Payment Block -> Remove Payment Block,2018-10-07 11:51:56.909404101+00:00,30.27275593292573,True
4500005551_00001,Record Goods Receipt -> Record Invoice Receipt,2018-10-07 14:24:01.698920659+00:00,17.79138306643508,False
4500002433_00001,Create Purchase Order Item -> Change Price,2018-10-07 17:28:47.518199638+00:00,130.26489427008087,True
4500007041_00001,Record Goods Receipt -> Record Invoice Receipt,2018-10-07 22:40:07.850524917+00:00,25.362162054403424,False
4500018054_00001,Record Goods Receipt -> Record Invoice Receipt,2018-10-08 01:45:17.598059999+00:00,14.687223883316516,False
4500000672_00001,Record Goods Receipt -> Record Invoice Receipt,2018-10-08 01:50:53.468645615+00:00,16.79950034477171,False
4500005648_00001,Create Purchase Order Item -> Change Price,2018-10-08 12:20:36.825853654+00:00,28.504819384007106,False
4500008860_00001,Record Goods Receipt -> Record Invoice Receipt,2018-10-08 16:10:49.213175025+00:00,24.135136963154455,False
4500007785_00001,Record Goods Receipt -> Record Invoice Receipt,2018-10-08 17:48:34.320707014+00:00,5.34717333027846,False
4500011057_00001,Record Goods Receipt -> Record Invoice Receipt,2018-10-09 00:32:14.407658630+00:00,22.980708236336596,False
4500002156_00001,Set Payment Block -> Remove Payment Block,2018-10-09 11:27:24.274754497+00:00,29.765268582741225,True
4500019032_00001,Create Purchase Order Item -> Record Goods Receipt,2018-10-09 21:20:08.153465535+00:00,154.20921664137458,True
4500005733_00001,Change Price -> Record Goods Receipt,2018-10-10 00:17:14.596704467+00:00,28.69714500610139,False
4500002409_00001,Create Purchase Order Item -> Change Price,2018-10-10 04:47:24.925640030+00:00,15.935372414612338,False
4500012147_00001,Record Invoice Receipt -> Clear Invoice,2018-10-10 07:34:02.279240515+00:00,26.733306314623857,True
4500000909_00001,Create Purchase Order Item -> Record Goods Receipt,2018-10-10 12:48:34.823570567+00:00,51.912729406092794,False
4500004818_00001,Remove Payment Block -> Clear Invoice,2018-10-10 14:25:58.715292361+00:00,3.567681926821563,True
4500006329_00001,Record Invoice Receipt -> Clear Invoice,2018-10-10 16:06:05.896637839+00:00,2.6755784429842824,False
4500008476_00001,Record Goods Receipt -> Record Invoice Receipt,2018-10-10 16:36:20.773772365+00:00,14.114640341631274,False
4500006451_00001,Create Purchase Order Item -> Record Goods Receipt,2018-10-10 16:52:01.708854515+00:00,38.02965072520475,False
4500010304_00001,Record Invoice Receipt -> Clear Invoice,2018-10-10 20:17:59.522249294+00:00,16.461858168499806,False
4500001164_00001,Create Purchase Order Item -> Record Goods Receipt,2018-10-11 05:42:20.772225799+00:00,52.60941189719249,False
4500005549_00001,Record Goods Receipt -> Record Invoice Receipt,2018-10-11 06:28:07.499507609+00:00,34.017663793532826,False
4500015290_00001,Set Payment Block -> Remove Payment Block,2018-10-11 22:22:45.394670190+00:00,26.83488732806839,True
4500000646_00001,Remove Payment Block -> Clear Invoice,2018-10-12 04:21:15.697416322+00:00,17.56777184608655,True
4500007879_00001,Create Purchase Order Item -> Record Goods Receipt,2018-10-12 04:56:38.394745203+00:00,30.247840432722704,False
4500019267_00001,Create Purchase Order Item -> Record Goods Receipt,2018-10-12 07:58:53.511053311+00:00,32.85432708431783,False
4500016530_00001,Create Purchase Order Item -> Record Goods Receipt,2018-10-12 23:50:46.576223903+00:00,58.46716429232488,True
4500005863_00001,Record Goods Receipt -> Record Invoice Receipt,2018-10-13 00:07:21.339466529+00:00,41.44051018455782,True
4500008000_00001,Create Purchase Order Item -> Change Price,2018-10-13 00:56:11.744151586+00:00,38.832529159898876,False
4500018543_00001,Create Purchase Order Item -> Record Goods Receipt,2018-10-13 04:31:26.095621311+00:00,56.92968931972542,True
4500011905_00001,Record Goods Receipt -> Record Invoice Receipt,2018-10-13 05:08:06.152697899+00:00,32.576964828815825,False
4500000679_00001,Record Invoice Receipt -> Clear Invoice,2018-10-13 05:36:51.463010235+00:00,11.853287892353668,False
4500016422_00001,Record Invoice Receipt -> Clear Invoice,2018-10-13 13:57:49.403681815+00:00,7.357777027364051,False
4500013053_00001,Record Goods Receipt -> Record Invoice Receipt,2018-10-13 14:17:37.249962216+00:00,70.42962181655311,True
4500015749_00001,Set Payment Block -> Remove Payment Block,2018-10-13 17:56:06.263286028+00:00,68.55349281721128,True
4500002592_00001,Record Goods Receipt -> Record Invoice Receipt,2018-10-13 18:31:18.718544832+00:00,13.996040539943762,False
4500017083_00001,Record Goods Receipt -> Record Invoice Receipt,2018-10-13 18:57:29.853879877+00:00,25.3346563910524,False
4500017833_00001,Create Purchase Order Item -> Record Goods Receipt,2018-10-13 20:46:12.936588935+00:00,115.45609012316514,True
4500005778_00001,Create Purchase Order Item -> Record Goods Receipt,2018-10-14 05:32:40.699868075+00:00,150.20155485499748,True
4500015356_00001,Record Goods Receipt -> Record Invoice Receipt,2018-10-14 08:47:03.409783863+00:00,18.669141443328332,False
4500006633_00001,Record Goods Receipt -> Record Invoice Receipt,2018-10-14 13:10:53.970635599+00:00,28.742562246486006,False
4500018712_00001,Record Goods Receipt -> Record Invoice Receipt,2018-10-14 15:01:47.422763992+00:00,73.53173839561663,True
4500000719_00001,Record Invoice Receipt -> Clear Invoice,2018-10-14 17:52:01.424088398+00:00,5.106208931613426,False
4500017169_00001,Record Invoice Receipt -> Clear Invoice,2018-10-14 19:43:04.004361150+00:00,6.157403979389757,False
4500012977_00001,Record Goods Receipt -> Record Invoice Receipt,2018-10-15 03:18:23.654958932+00:00,123.08162908029269,True
4500006234_00001,Record Goods Receipt -> Record Goods Receipt,2018-10-15 06:29:35.893950245+00:00,228.8054587884664,True
4500006162_00001,Record Goods Receipt -> Record Invoice Receipt,2018-10-15 08:14:19.472341745+00:00,14.837398092640521,False
4500001364_00001,Record Invoice Receipt -> Clear Invoice,2018-10-15 13:42:14.819494836+00:00,28.93465966612825,False
4500002559_00001,Create Purchase Order Item -> Record Goods Receipt,2018-10-15 14:10:56.374787155+00:00,39.66742942229364,False
4500008650_00001,Create Purchase Order Item -> Record Goods Receipt,2018-10-15 14:33:12.067631831+00:00,65.68390685673579,True
4500000504_00001,Record Goods Receipt -> Record Invoice Receipt,2018-10-15 15:16:39.025304792+00:00,76.78729237860719,True
4500011906_00001,Record Invoice Receipt -> Clear Invoice,2018-10-15 17:17:37.043338523+00:00,8.21317466701742,False
4500015823_00001,Record Goods Receipt -> Record Invoice Receipt,2018-10-15 19:55:46.786473899+00:00,34.348003461546966,False
4500011645_00001,Record Goods Receipt -> Record Invoice Receipt,2018-10-16 17:37:39.146844825+00:00,5.1887105404267935,False
4500013019_00001,Record Invoice Receipt -> Clear Invoice,2018-10-16 18:08:01.513873431+00:00,11.961854147432303,False
4500005907_00001,Record Invoice Receipt -> Set Payment Block,2018-10-16 18:34:52.441131391+00:00,20.919793801637372,False
4500009722_00001,Create Purchase Order Item -> Record Goods Receipt,2018-10-16 22:28:36.971519307+00:00,19.544057635533658,False
4500018458_00001,Create Purchase Order Item -> Record Goods Receipt,2018-10-17 05:28:53.459125995+00:00,37.48624952166646,False
4500003008_00001,Record Invoice Receipt -> Set Payment Block,2018-10-17 11:43:43.097681886+00:00,40.59316846355506,False
4500019312_00001,Create Purchase Order Item -> Record Goods Receipt,2018-10-17 12:20:10.464260083+00:00,15.728420031066955,False
4500006961_00001,Create Purchase Order Item -> Record Goods Receipt,2018-10-17 18:52:02.881944279+00:00,66.71442299118446,True
4500005316_00001,Change Price -> Record Goods Receipt,2018-10-17 23:33:36.392381690+00:00,43.3747361771139,False
4500012345_00001,Record Goods Receipt -> Record Invoice Receipt,2018-10-18 06:58:47.425837597+00:00,22.315214899682626,False
4500004332_00001,Record Goods Receipt -> Record Invoice Receipt,2018-10-18 10:28:44.918383841+00:00,9.230828547306135,False
4500011510_00001,Record Invoice Receipt -> Clear Invoice,2018-10-18 13:11:57.366080712+00:00,39.65058415333809,True
4500019391_00001,Record Invoice Receipt -> Clear Invoice,2018-10-18 17:07:57.779795849+00:00,4.0083026127195724,False
4500003467_00001,Record Invoice Receipt -> Clear Invoice,2018-10-18 20:21:40.958319978+00:00,29.302021776524153,True
4500003494_00001,Record Invoice Receipt -> Clear Invoice,2018-10-19 06:42:50.961460383+00:00,5.886924412665844,False
4500007551_00001,Record Goods Receipt -> Record Invoice Receipt,2018-10-19 07:06:35.984943520+00:00,34.26801384092202,True
4500019792_00001,Create Purchase Order Item -> Record Goods Receipt,2018-10-19 07:44:30.921977939+00:00,67.08958202028819,True
4500012769_00001,Change Price -> Record Goods Receipt,2018-10-19 17:28:38.157791255+00:00,84.45074040818875,True
4500006925_00001,Record Goods Receipt -> Record Invoice Receipt,2018-10-19 18:13:37.762269554+00:00,58.45529180056351,True
4500014622_00001,Create Purchase Order Item -> Record Goods Receipt,2018-10-19 19:29:10.009005831+00:00,11.555004145922256,False
4500008397_00001,Record Goods Receipt -> Record Invoice Receipt,2018-10-19 21:58:10.999985862+00:00,41.80863316513789,True
4500016770_00001,Create Purchase Order Item -> Record Goods Receipt,2018-10-20 03:31:53.240011951+00:00,39.825419745614965,False
4500003026_00001,Record Goods Receipt -> Record Invoice Receipt,2018-10-20 13:44:37.327295397+00:00,51.257731266698045,True
4500013159_00001,Record Goods Receipt -> Record Invoice Receipt,2018-10-20 16:14:11.265060985+00:00,18.24217259082286,False
4500015341_00001,Record Invoice Receipt -> Clear Invoice,2018-10-20 17:36:03.391525447+00:00,15.80909149379448,False
4500002534_00001,Record Goods Receipt -> Record Goods Receipt,2018-10-20 17:54:36.708192437+00:00,12.914902960005579,False
4500010707_00001,Create Purchase Order Item -> Change Price,2018-10-20 23:32:16.472451614+00:00,12.259792767835382,False
4500019272_00001,Create Purchase Order Item -> Record Goods Receipt,2018-10-21 00:46:20.180352271+00:00,33.415036447995256,False
4500001059_00001,Record Goods Receipt -> Record Invoice Receipt,2018-10-21 04:04:19.441514100+00:00,9.789614773518924,False
4500004082_00001,Record Goods Receipt -> Record Invoice Receipt,2018-10-21 11:36:42.891759589+00:00,50.917353576882604,True
4500012485_00001,Create Purchase Order Item -> Record Goods Receipt,2018-10-21 14:32:13.690248055+00:00,42.49133824672005,False
4500019056_00001,Create Purchase Order Item -> Change Price,2018-10-21 18:21:39.589727970+00:00,28.90055686739237,False
4500002766_00001,Record Invoice Receipt -> Clear Invoice,2018-10-22 00:02:19.171471524+00:00,8.171755926162339,False
4500002323_00001,Record Goods Receipt -> Record Invoice Receipt,2018-10-22 03:37:26.074818423+00:00,24.14352275339962,False
4500005427_00001,Create Purchase Order Item -> Record Goods Receipt,2018-10-22 03:53:17.202474027+00:00,35.30583346637516,False
4500002508_00001,Record Invoice Receipt -> Clear Invoice,2018-10-22 11:34:07.842613528+00:00,19.28632558975736,False
4500016873_00001,Record Goods Receipt -> Record Invoice Receipt,2018-10-22 18:36:45.901111042+00:00,9.037437688950485,False
4500015860_00001,Create Purchase Order Item -> Record Goods Receipt,2018-10-22 22:10:28.458892219+00:00,14.383432792673332,False
4500013831_00001,Record Goods Receipt -> Record Invoice Receipt,2018-10-22 23:12:21.845292581+00:00,52.153948718767985,True
4500000713_00001,Record Goods Receipt -> Record Goods Receipt,2018-10-23 02:02:50.658177628+00:00,39.161467679920094,False
4500007055_00001,Record Goods Receipt -> Record Invoice Receipt,2018-10-23 08:29:44.215807256+00:00,8.282713342193588,False
4500004199_00001,Change Price -> Record Goods Receipt,2018-10-23 10:01:35.857015090+00:00,25.064435456770234,False
4500011119_00001,Change Price -> Record Goods Receipt,2018-10-23 19:11:14.650077877+00:00,36.974066413999296,False
4500001472_00001,Record Goods Receipt -> Record Goods Receipt,2018-10-24 00:27:00.365527582+00:00,31.012230981431536,False
4500000132_00001,Record Invoice Receipt -> Clear Invoice,2018-10-24 01:01:02.014534405+00:00,21.585575587773924,False
4500012248_00001,Record Goods Receipt -> Record Invoice Receipt,2018-10-24 02:03:35.544116446+00:00,22.617492225182048,False
4500001285_00001,Record Goods Receipt -> Record Invoice Receipt,2018-10-24 04:58:54.340826647+00:00,32.24659638831501,False
4500019538_00001,Record Invoice Receipt -> Clear Invoice,2018-10-24 06:10:34.462059720+00:00,1.8640021749809375,False
4500019416_00001,Record Goods Receipt -> Record Invoice Receipt,2018-10-24 11:44:14.970842584+00:00,11.40262177887301,False
4500017773_00001,Record Goods Receipt -> Record Invoice Receipt,2018-10-24 14:19:26.509913221+00:00,34.45691783103647,False
4500018575_00001,Record Goods Receipt -> Record Goods Receipt,2018-10-24 15:09:08.953778068+00:00,21.76996213589073,False
4500003777_00001,Record Goods Receipt -> Record Invoice Receipt,2018-10-24 23:31:37.592725923+00:00,71.71272815439445,True
4500004756_00001,Create Purchase Order Item -> Record Goods Receipt,2018-10-25 04:07:51.491537495+00:00,24.648149570408865,False
4500018537_00001,Record Invoice Receipt -> Clear Invoice,2018-10-25 06:47:14.942197059+00:00,1.8129929831879283,False
4500014228_00001,Record Goods Receipt -> Record Invoice Receipt,2018-10-25 18:27:26.012892991+00:00,52.147925345423985,True
4500000461_00001,Remove Payment Block -> Clear Invoice,2018-10-25 20:48:45.506110587+00:00,16.132809964507175,False
4500003945_00001,Set Payment Block -> Remove Payment Block,2018-10-25 21:50:24.284634438+00:00,88.67248140577098,True
4500014123_00001,Record Invoice Receipt -> Clear Invoice,2018-10-25 21:56:23.161226178+00:00,1.406384156953125,False
4500008869_00001,Record Goods Receipt -> Record Invoice Receipt,2018-10-26 00:14:48.843716273+00:00,42.0458754045029,True
4500008817_00001,Set Payment Block -> Remove Payment Block,2018-10-26 03:05:49.201186482+00:00,43.868039698299015,True
4500016489_00001,Change Price -> Record Goods Receipt,2018-10-26 06:49:38.293584893+00:00,70.30782688343442,True
4500003852_00001,Record Goods Receipt -> Record Invoice Receipt,2018-10-26 09:09:30.540476762+00:00,20.36918057294631,False
4500015232_00001,Record Goods Receipt -> Record Invoice Receipt,2018-10-26 14:34:45.135258328+00:00,25.569322696813476,False
4500011190_00001,Record Invoice Receipt -> Set Payment Block,2018-10-26 19:14:18.091308827+00:00,40.45221603855189,False
4500019174_00001,Create Purchase Order Item -> Record Goods Receipt,2018-10-26 21:11:17.166475411+00:00,33.07324005808748,False
4500014104_00001,Create Purchase Order Item -> Change Price,2018-10-26 22:12:34.771234930+00:00,12.20447951022977,False
4500004062_00001,Record Invoice Receipt -> Clear Invoice,2018-10-27 01:19:09.056148631+00:00,40.471991527817906,True
4500006110_00001,Record Goods Receipt -> Record Invoice Receipt,2018-10-27 04:11:10.984598696+00:00,93.55506351038147,True
4500014152_00001,Remove Payment Block -> Clear Invoice,2018-10-27 08:29:11.200310395+00:00,2.498368863555359,False
4500018859_00001,Record Goods Receipt -> Record Invoice Receipt,2018-10-27 14:50:34.411612231+00:00,6.039509267913356,False
4500002121_00001,Record Goods Receipt -> Record Invoice Receipt,2018-10-27 21:16:53.240136127+00:00,32.02591931807719,False
4500013730_00001,Create Purchase Order Item -> Record Goods Receipt,2018-10-27 22:19:24.400036091+00:00,33.069057760932196,False
4500013239_00001,Record Invoice Receipt -> Clear Invoice,2018-10-28 00:45:42.403549217+00:00,84.57045639607101,True
4500011657_00001,Record Invoice Receipt -> Clear Invoice,2018-10-28 05:46:25.543874886+00:00,3.5129489824606597,False
4500007619_00001,Record Goods Receipt -> Record Invoice Receipt,2018-10-28 11:55:26.749813463+00:00,124.10159150796632,True
4500006177_00001,Record Goods Receipt -> Record Invoice Receipt,2018-10-28 13:07:32.140973308+00:00,94.1949447915736,True
4500018875_00001,Record Goods Receipt -> Record Invoice Receipt,2018-10-28 15:30:58.466606845+00:00,92.70303274481302,True
4500013713_00001,Record Goods Receipt -> Record Goods Receipt,2018-10-28 15:58:12.519665260+00:00,35.415161253730716,False
4500013376_00001,Record Goods Receipt -> Record Invoice Receipt,2018-10-28 18:12:00.076025515+00:00,102.28203256970149,True
4500006421_00001,Create Purchase Order Item -> Record Goods Receipt,2018-10-28 22:59:29.932855575+00:00,43.3773418998229,False
4500014315_00001,Record Invoice Receipt -> Clear Invoice,2018-10-29 03:30:54.921251325+00:00,18.434879279506873,False
4500016903_00001,Create Purchase Order Item -> Record Goods Receipt,2018-10-29 03:43:15.175907243+00:00,29.52838734163501,False
4500000068_00001,Record Goods Receipt -> Record Invoice Receipt,2018-10-29 05:25:39.342161428+00:00,25.02930172589029,False
4500007789_00001,Create Purchase Order Item -> Change Price,2018-10-29 08:06:32.552898250+00:00,13.716909687661877,False
4500012181_00001,Remove Payment Block -> Clear Invoice,2018-10-29 11:15:06.075839031+00:00,18.516945946464883,False
4500011941_00001,Record Invoice Receipt -> Clear Invoice,2018-10-29 14:00:37.960715311+00:00,9.742944817732095,False
4500019384_00001,Record Goods Receipt -> Record Invoice Receipt,2018-10-30 03:54:22.358530138+00:00,28.198809736274676,False
4500012310_00001,Create Purchase Order Item -> Record Goods Receipt,2018-10-30 07:45:52.910154291+00:00,14.226335760979108,False
4500002596_00001,Record Invoice Receipt -> Set Payment Block,2018-10-30 12:21:57.945165625+00:00,13.784205058072686,False
4500006079_00001,Record Goods Receipt -> Record Invoice Receipt,2018-10-30 12:29:00.926546083+00:00,23.953623765384673,False
4500012687_00001,Create Purchase Order Item -> Record Goods Receipt,2018-10-30 21:30:41.061476975+00:00,54.98573044352035,False
4500000928_00001,Record Invoice Receipt -> Clear Invoice,2018-10-31 00:36:54.192934187+00:00,9.711026469081817,False
4500010301_00001,Record Invoice Receipt -> Clear Invoice,2018-10-31 03:30:57.624967286+00:00,5.982725355461794,False
4500005952_00001,Create Purchase Order Item -> Record Goods Receipt,2018-10-31 04:01:09.907976355+00:00,148.0857587623717,True
4500004720_00001,Record Goods Receipt -> Record Invoice Receipt,2018-10-31 08:53:46.836848826+00:00,105.54808845723919,True
4500008247_00001,Change Price -> Record Goods Receipt,2018-10-31 09:16:36.329691001+00:00,54.77160716993438,True
4500015937_00001,Record Goods Receipt -> Record Goods Receipt,2018-10-31 20:37:08.011169214+00:00,29.1473092981984,False
4500014420_00001,Record Goods Receipt -> Record Invoice Receipt,2018-11-01 08:17:39.568654420+00:00,38.96204923665587,False
4500019718_00001,Record Invoice Receipt -> Clear Invoice,2018-11-01 12:09:25.708665535+00:00,2.2797854269716553,False
4500016552_00001,Set Payment Block -> Remove Payment Block,2018-11-02 02:36:46.918406923+00:00,22.659146515961307,True
4500007035_00001,Create Purchase Order Item -> Record Goods Receipt,2018-11-02 07:49:14.577303903+00:00,13.662569423336238,False
4500007237_00001,Create Purchase Order Item -> Record Goods Receipt,2018-11-02 12:09:11.346076271+00:00,9.19223821996537,False
4500002923_00001,Record Goods Receipt -> Record Invoice Receipt,2018-11-02 12:51:33.623248562+00:00,20.46309193650771,False
4500004196_00001,Create Purchase Order Item -> Change Price,2018-11-02 13:11:39.047023958+00:00,17.602847605938404,False
4500003702_00001,Record Goods Receipt -> Record Goods Receipt,2018-11-02 15:00:43.502449304+00:00,11.336658441294619,False
4500005713_00001,Record Goods Receipt -> Record Invoice Receipt,2018-11-03 02:33:08.552901475+00:00,39.737876171910834,False
4500014987_00001,Create Purchase Order Item -> Record Goods Receipt,2018-11-03 05:36:19.151039627+00:00,32.052493576419224,False
4500015123_00001,Record Goods Receipt -> Record Invoice Receipt,2018-11-03 11:05:46.050360+00:00,46.197373035397234,True
4500012849_00001,Record Goods Receipt -> Record Invoice Receipt,2018-11-03 11:51:23.904057864+00:00,31.797731532721247,False
4500011465_00001,Change Price -> Record Goods Receipt,2018-11-03 12:06:15.011207661+00:00,45.56982052815619,False
4500018225_00001,Create Purchase Order Item -> Record Goods Receipt,2018-11-03 17:26:45.605673023+00:00,22.89420756453126,False
4500011641_00001,Create Purchase Order Item -> Record Goods Receipt,2018-11-04 01:04:51.217893479+00:00,28.383934745492162,False
4500004039_00001,Create Purchase Order Item -> Record Goods Receipt,2018-11-04 01:38:32.778658571+00:00,15.723821404944063,False
4500003703_00001,Record Invoice Receipt -> Clear Invoice,2018-11-04 02:23:56.734553856+00:00,24.751988959810046,False
4500001783_00001,Change Price -> Record Goods Receipt,2018-11-04 03:24:20.242920209+00:00,38.75623415296553,False
4500017370_00001,Remove Payment Block -> Clear Invoice,2018-11-04 08:02:40.283780803+00:00,164.47080802206838,True
4500011770_00001,Record Goods Receipt -> Record Invoice Receipt,2018-11-04 08:03:15.097916896+00:00,17.40683905114222,False
4500013593_00001,Record Invoice Receipt -> Clear Invoice,2018-11-04 08:17:04.223245082+00:00,7.455733093641817,False
4500005842_00001,Record Goods Receipt -> Record Invoice Receipt,2018-11-04 16:34:45.289953344+00:00,8.7386871997689,False
4500006861_00001,Create Purchase Order Item -> Change Price,2018-11-04 18:29:17.533481522+00:00,33.35521182395919,False
4500008626_00001,Record Goods Receipt -> Record Invoice Receipt,2018-11-04 23:58:48.170200291+00:00,51.77900546048218,True
4500019949_00001,Record Goods Receipt -> Record Invoice Receipt,2018-11-05 02:59:58.561105105+00:00,42.93133174680618,True
4500013699_00001,Record Invoice Receipt -> Set Payment Block,2018-11-05 06:16:13.761814948+00:00,15.898671134636146,False
4500010777_00001,Record Goods Receipt -> Record Invoice Receipt,2018-11-05 07:02:45.590671166+00:00,21.23431823428914,False
4500003650_00001,Create Purchase Order Item -> Record Goods Receipt,2018-11-05 09:56:39.824525699+00:00,24.680060690846656,False
4500019469_00001,Record Invoice Receipt -> Clear Invoice,2018-11-05 14:54:54.565628905+00:00,0.5635078653012963,False
4500004063_00001,Create Purchase Order Item -> Change Price,2018-11-05 21:58:02.185060250+00:00,27.695083851894733,False
4500006564_00001,Record Invoice Receipt -> Set Payment Block,2018-11-06 02:21:16.954324365+00:00,12.982353713071735,False
4500012534_00001,Change Price -> Record Goods Receipt,2018-11-06 03:03:57.599021246+00:00,102.54268961312557,True
4500000141_00001,Create Purchase Order Item -> Record Goods Receipt,2018-11-06 05:06:40.004196047+00:00,37.383973375317574,False
4500011754_00001,Record Invoice Receipt -> Set Payment Block,2018-11-06 09:42:40.818011483+00:00,52.43947895443186,True
4500016194_00001,Set Payment Block -> Remove Payment Block,2018-11-06 09:54:22.871949247+00:00,57.626092949866404,True
4500004866_00001,Record Invoice Receipt -> Clear Invoice,2018-11-06 13:15:41.689689834+00:00,6.579082733997489,False
4500008490_00001,Record Goods Receipt -> Record Invoice Receipt,2018-11-06 14:17:55.605912022+00:00,7.73863307310272,False
4500008152_00001,Record Goods Receipt -> Record Invoice Receipt,2018-11-06 23:54:35.212168541+00:00,28.8702315836376,False
4500004308_00001,Record Invoice Receipt -> Clear Invoice,2018-11-07 01:23:55.177597525+00:00,11.965261082601991,False
4500003053_00001,Create Purchase Order Item -> Record Goods Receipt,2018-11-07 04:37:44.082548543+00:00,20.808059661838158,False
4500006681_00001,Record Invoice Receipt -> Clear Invoice,2018-11-08 07:21:21.861511887+00:00,3.277005948683345,False
4500004158_00001,Record Invoice Receipt -> Clear Invoice,2018-11-08 08:35:07.386474513+00:00,6.119772585479455,False
4500016720_00001,Record Goods Receipt -> Record Invoice Receipt,2018-11-08 08:50:14.332188797+00:00,16.916289223059167,False
4500011053_00001,Record Invoice Receipt -> Clear Invoice,2018-11-08 08:57:47.078451518+00:00,4.057591736420497,False
4500017925_00001,Record Invoice Receipt -> Clear Invoice,2018-11-08 22:14:18.908055119+00:00,2.266301653552801,False
4500003800_00001,Create Purchase Order Item -> Record Goods Receipt,2018-11-09 00:47:36.225845575+00:00,46.31895245849507,False
4500014052_00001,Record Goods Receipt -> Record Invoice Receipt,2018-11-09 02:43:07.995165564+00:00,10.4262968103061,False
4500014041_00001,Create Purchase Order Item -> Change Price,2018-11-09 04:17:01.318581002+00:00,64.55505008436612,False
4500013671_00001,Record Invoice Receipt -> Clear Invoice,2018-11-09 07:45:40.972209540+00:00,8.896467605581666,False
4500018773_00001,Record Goods Receipt -> Record Invoice Receipt,2018-11-09 08:11:23.010756312+00:00,40.50995683423939,False
4500004105_00001,Record Goods Receipt -> Record Invoice Receipt,2018-11-09 17:06:29.007518797+00:00,15.657343068380115,False
4500002236_00001,Create Purchase Order Item -> Record Goods Receipt,2018-11-09 18:34:22.476312091+00:00,57.00434540029167,True
4500004700_00001,Record Goods Receipt -> Record Invoice Receipt,2018-11-09 19:02:40.908708344+00:00,27.00609828876044,False
4500012577_00001,Create Purchase Order Item -> Record Goods Receipt,2018-11-09 22:17:05.472945503+00:00,17.89309817244368,False
4500018472_00001,Record Goods Receipt -> Record Invoice Receipt,2018-11-10 00:46:47.994818561+00:00,27.667371672349006,True
4500009744_00001,Remove Payment Block -> Clear Invoice,2018-11-10 03:11:06.269414660+00:00,21.99470414074821,True
4500010921_00001,Create Purchase Order Item -> Record Goods Receipt,2018-11-10 04:59:17.436855999+00:00,91.9457009339962,True
4500007589_00001,Create Purchase Order Item -> Change Price,2018-11-10 05:09:54.783595034+00:00,108.37584696783954,True
4500019582_00001,Record Goods Receipt -> Record Invoice Receipt,2018-11-10 07:08:18.351628629+00:00,34.35338414813493,False
4500016301_00001,Record Goods Receipt -> Record Invoice Receipt,2018-11-10 08:25:58.064828046+00:00,77.20114972926976,True
4500010995_00001,Record Goods Receipt -> Record Invoice Receipt,2018-11-10 11:39:54.203361245+00:00,13.487055781159237,False
4500015358_00001,Create Purchase Order Item -> Record Goods Receipt,2018-11-10 12:10:55.984787983+00:00,42.63329506261906,False
4500008404_00001,Create Purchase Order Item -> Record Goods Receipt,2018-11-10 12:26:13.558335639+00:00,39.24041013734234,False
4500013211_00001,Record Invoice Receipt -> Clear Invoice,2018-11-10 17:59:12.919156408+00:00,13.95295477403573,False
4500001682_00001,Record Invoice Receipt -> Clear Invoice,2018-11-11 04:59:45.351694623+00:00,1.4002959317420833,False
4500016851_00001,Record Invoice Receipt -> Clear Invoice,2018-11-11 14:22:09.305087440+00:00,2.96700519549581,False
4500001581_00001,Create Purchase Order Item -> Record Goods Receipt,2018-11-11 15:00:21.151179703+00:00,16.205755625737893,False
4500002767_00001,Record Invoice Receipt -> Clear Invoice,2018-11-11 16:43:27.708847999+00:00,28.762140431769954,True
4500003488_00001,Record Goods Receipt -> Record Invoice Receipt,2018-11-12 02:23:26.026757758+00:00,52.65658235067988,True
4500018208_00001,Create Purchase Order Item -> Change Price,2018-11-12 05:35:47.376756638+00:00,46.17472175206567,False
4500019547_00001,Record Goods Receipt -> Record Invoice Receipt,2018-11-12 07:01:00.905879969+00:00,16.99801845363412,False
4500001834_00001,Record Invoice Receipt -> Clear Invoice,2018-11-12 15:30:44.673014564+00:00,4.895979960586968,False
4500007563_00001,Record Invoice Receipt -> Clear Invoice,2018-11-12 19:06:48.300879384+00:00,1.5983802020180904,False
4500018579_00001,Create Purchase Order Item -> Record Goods Receipt,2018-11-12 19:34:39.636655071+00:00,36.96765429934586,False
4500005839_00001,Record Goods Receipt -> Record Invoice Receipt,2018-11-12 20:11:02.064894627+00:00,13.972948299086008,False
4500015553_00001,Record Invoice Receipt -> Set Payment Block,2018-11-14 09:34:41.514050940+00:00,32.80699904576595,False
4500009273_00001,Create Purchase Order Item -> Record Goods Receipt,2018-11-14 12:38:02.783022151+00:00,69.66069645625582,True
4500007441_00001,Record Goods Receipt -> Record Invoice Receipt,2018-11-14 16:54:22.396595897+00:00,43.88166705830457,True
4500005267_00001,Record Goods Receipt -> Record Invoice Receipt,2018-11-14 20:24:53.127883979+00:00,15.939149123231354,False
4500009325_00001,Create Purchase Order Item -> Record Goods Receipt,2018-11-14 23:36:21.037993787+00:00,39.8348476787773,False
4500009850_00001,Create Purchase Order Item -> Record Goods Receipt,2018-11-15 00:18:56.030825907+00:00,65.57495562264822,True
4500019090_00001,Record Goods Receipt -> Record Invoice Receipt,2018-11-15 02:02:01.261084549+00:00,123.48452368707814,True
4500016597_00001,Record Invoice Receipt -> Clear Invoice,2018-11-15 02:20:25.481206142+00:00,15.938155004717684,False
4500007486_00001,Record Invoice Receipt -> Set Payment Block,2018-11-15 07:18:02.122289822+00:00,13.63658945643514,False
4500019948_00001,Set Payment Block -> Remove Payment Block,2018-11-15 11:14:55.077585949+00:00,12.705933676320265,True
4500018944_00001,Record Invoice Receipt -> Clear Invoice,2018-11-15 11:55:43.975371558+00:00,6.343383238397268,False
4500003430_00001,Create Purchase Order Item -> Record Goods Receipt,2018-11-16 00:35:59.532919703+00:00,60.89046672642463,True
4500014377_00001,Record Goods Receipt -> Record Invoice Receipt,2018-11-16 02:36:25.475739303+00:00,15.589421018267638,False
4500000902_00001,Record Invoice Receipt -> Clear Invoice,2018-11-16 21:13:59.936982909+00:00,4.422052013564074,False
4500007447_00001,Record Invoice Receipt -> Clear Invoice,2018-11-16 22:47:41.585360457+00:00,42.321334944282235,True
4500005574_00001,Create Purchase Order Item -> Record Goods Receipt,2018-11-17 00:31:30.282405731+00:00,136.78353539690616,True
4500013486_00001,Create Purchase Order Item -> Change Price,2018-11-17 01:11:48.892935422+00:00,32.161165660012614,False
4500018045_00001,Change Price -> Record Goods Receipt,2018-11-17 01:37:04.935483572+00:00,32.07888842489275,False
4500012006_00001,Create Purchase Order Item -> Record Goods Receipt,2018-11-17 10:43:53.535182771+00:00,20.618324505071516,False
4500002066_00001,Create Purchase Order Item -> Change Price,2018-11-17 12:26:21.158619662+00:00,33.67449090328315,False
4500018017_00001,Record Goods Receipt -> Record Invoice Receipt,2018-11-17 13:05:18.594514514+00:00,38.5347432024607,True
4500002287_00001,Record Goods Receipt -> Record Invoice Receipt,2018-11-17 23:57:38.642591927+00:00,46.199983688088864,True
4500001979_00001,Record Goods Receipt -> Record Invoice Receipt,2018-11-18 01:28:46.885392769+00:00,67.65983582520998,True
4500015368_00001,Create Purchase Order Item -> Record Goods Receipt,2018-11-18 01:41:00.767660087+00:00,36.64028266495048,False
4500019663_00001,Create Purchase Order Item -> Record Goods Receipt,2018-11-18 03:07:03.656988275+00:00,113.33737714370918,True
4500004103_00001,Create Purchase Order Item -> Record Goods Receipt,2018-11-18 11:35:36.518012031+00:00,142.9346623530957,True
4500019673_00001,Record Goods Receipt -> Record Invoice Receipt,2018-11-18 17:16:41.176420418+00:00,145.03167756681222,True
4500005564_00001,Record Invoice Receipt -> Clear Invoice,2018-11-19 04:48:30.003780102+00:00,0.3699346728662616,False
4500015305_00001,Create Purchase Order Item -> Record Goods Receipt,2018-11-19 06:09:21.289180747+00:00,55.5897717710902,False
4500013835_00001,Create Purchase Order Item -> Record Goods Receipt,2018-11-19 15:13:52.583202743+00:00,35.25272250297993,False
4500009992_00001,Remove Payment Block -> Clear Invoice,2018-11-20 03:26:10.883164539+00:00,3.065340568702083,True
4500016825_00001,Create Purchase Order Item -> Record Goods Receipt,2018-11-20 08:22:21.836392671+00:00,54.41903670440056,False
4500002421_00001,Remove Payment Block -> Clear Invoice,2018-11-20 12:04:59.056133618+00:00,1.401196413539213,False
4500002630_00001,Record Goods Receipt -> Record Invoice Receipt,2018-11-20 21:08:55.443156642+00:00,17.68390285247499,False
4500009125_00001,Create Purchase Order Item -> Record Goods Receipt,2018-11-20 22:14:01.758532619+00:00,24.919931184679122,False
4500007186_00001,Record Goods Receipt -> Record Invoice Receipt,2018-11-20 22:36:58.295647732+00:00,17.61607878415257,False
4500019934_00001,Create Purchase Order Item -> Change Price,2018-11-21 07:11:12.217199242+00:00,73.25601073787524,True
4500006539_00001,Create Purchase Order Item -> Record Goods Receipt,2018-11-21 07:43:13.398393431+00:00,32.16943247328574,False
4500012390_00001,Record Goods Receipt -> Record Invoice Receipt,2018-11-21 10:04:09.962205572+00:00,13.808858869947,False
4500000269_00001,Record Goods Receipt -> Record Invoice Receipt,2018-11-21 11:58:33.662897549+00:00,29.5991650524248,False
4500001738_00001,Record Goods Receipt -> Record Invoice Receipt,2018-11-21 13:47:34.848799241+00:00,31.254553824844308,False
4500007758_00001,Record Invoice Receipt -> Set Payment Block,2018-11-21 14:09:00.467932871+00:00,22.634700380988438,False
4500012227_00001,Create Purchase Order Item -> Record Goods Receipt,2018-11-21 23:39:08.270437831+00:00,33.23721561112556,False
4500006679_00001,Change Price -> Record Goods Receipt,2018-11-22 02:43:01.905353035+00:00,12.088070461481863,False
4500018735_00001,Create Purchase Order Item -> Record Goods Receipt,2018-11-22 05:56:24.557320739+00:00,37.28036341124562,False
4500004359_00001,Set Payment Block -> Remove Payment Block,2018-11-22 13:21:48.503407657+00:00,40.93484103224946,True
4500011911_00001,Record Goods Receipt -> Record Invoice Receipt,2018-11-22 14:24:28.421654234+00:00,35.828000641830045,False
4500019861_00001,Record Goods Receipt -> Record Goods Receipt,2018-11-22 15:05:39.004018959+00:00,104.48076247658251,True
4500011164_00001,Create Purchase Order Item -> Record Goods Receipt,2018-11-22 15:14:19.391072527+00:00,36.50560829402935,False
4500001337_00001,Create Purchase Order Item -> Record Goods Receipt,2018-11-22 15:40:58.332107723+00:00,65.89507920629559,True
4500018010_00001,Record Goods Receipt -> Record Invoice Receipt,2018-11-23 01:14:49.277383076+00:00,10.817471466460498,False
4500001528_00001,Create Purchase Order Item -> Record Goods Receipt,2018-11-23 03:02:36.134448783+00:00,79.34446920224049,True
4500002386_00001,Record Invoice Receipt -> Clear Invoice,2018-11-23 03:23:07.836620245+00:00,30.409303521147397,False
4500012842_00001,Create Purchase Order Item -> Change Price,2018-11-23 04:10:13.576847518+00:00,14.023242099893126,False
4500008046_00001,Create Purchase Order Item -> Change Price,2018-11-23 04:37:44.231550090+00:00,20.05197287540316,False
4500003651_00001,Create Purchase Order Item -> Record Goods Receipt,2018-11-23 11:07:18.754518583+00:00,135.00102787540862,True
4500016326_00001,Remove Payment Block -> Clear Invoice,2018-11-23 12:07:50.621549148+00:00,10.210237351199908,False
4500005354_00001,Record Goods Receipt -> Record Invoice Receipt,2018-11-23 17:40:35.460572608+00:00,28.8766740079536,False
4500017464_00001,Record Goods Receipt -> Record Invoice Receipt,2018-11-23 23:04:17.244133362+00:00,19.790654437750195,False
4500001527_00001,Create Purchase Order Item -> Record Goods Receipt,2018-11-24 02:35:07.705884439+00:00,75.87403236109935,True
4500018167_00001,Create Purchase Order Item -> Record Goods Receipt,2018-11-24 11:21:47.617483435+00:00,173.13831567154335,True
4500010782_00001,Record Goods Receipt -> Record Invoice Receipt,2018-11-24 14:36:41.527181346+00:00,3.9981215035666087,False
4500003562_00001,Create Purchase Order Item -> Record Goods Receipt,2018-11-24 14:45:17.383927315+00:00,38.925510605376516,False
4500007559_00001,Record Goods Receipt -> Record Goods Receipt,2018-11-24 17:33:52.999769215+00:00,171.87967307141548,True
4500011957_00001,Record Goods Receipt -> Record Invoice Receipt,2018-11-24 18:30:31.521489197+00:00,58.432766115427164,True
4500019342_00001,Create Purchase Order Item -> Record Goods Receipt,2018-11-24 19:09:02.182134107+00:00,175.13879269326935,True
4500000578_00001,Record Goods Receipt -> Record Goods Receipt,2018-11-24 19:34:45.408120048+00:00,87.24944877909405,True
4500010970_00001,Record Goods Receipt -> Record Invoice Receipt,2018-11-24 23:58:16.012318049+00:00,19.647776540383195,False
4500014022_00001,Create Purchase Order Item -> Record Goods Receipt,2018-11-25 08:05:56.714017675+00:00,71.73693537067523,True
4500019642_00001,Create Purchase Order Item -> Record Goods Receipt,2018-11-25 19:27:37.487367183+00:00,13.063954324885197,False
4500013240_00001,Create Purchase Order Item -> Record Goods Receipt,2018-11-25 20:06:55.343666355+00:00,23.744233424952107,False
4500019321_00001,Record Goods Receipt -> Record Invoice Receipt,2018-11-25 22:10:43.754091437+00:00,17.42047284254801,False
4500013545_00001,Record Goods Receipt -> Record Invoice Receipt,2018-11-26 06:08:50.653877829+00:00,41.62074951339866,True
4500010511_00001,Record Invoice Receipt -> Clear Invoice,2018-11-26 07:30:20.109383509+00:00,37.85380339182205,True
4500008610_00001,Record Goods Receipt -> Record Invoice Receipt,2018-11-26 08:35:58.662904938+00:00,121.60458268371913,True
4500000972_00001,Record Goods Receipt -> Record Invoice Receipt,2018-11-26 13:14:15.191372547+00:00,31.593505655548366,False
4500000601_00001,Record Goods Receipt -> Record Invoice Receipt,2018-11-26 15:36:35.937858036+00:00,25.004676654094176,False
4500017556_00001,Record Goods Receipt -> Record Invoice Receipt,2018-11-26 15:36:47.110303193+00:00,16.248694927919964,False
4500001112_00001,Remove Payment Block -> Clear Invoice,2018-11-26 20:50:25.376499193+00:00,4.932320784580058,False
4500012649_00001,Record Invoice Receipt -> Clear Invoice,2018-11-27 03:55:49.148660688+00:00,7.0929151141728815,False
4500001133_00001,Record Invoice Receipt -> Clear Invoice,2018-11-27 12:38:44.658826687+00:00,15.33218819251367,False
4500004630_00001,Record Invoice Receipt -> Set Payment Block,2018-11-27 16:29:20.826952446+00:00,16.597884212875705,False
4500013819_00001,Record Goods Receipt -> Record Invoice Receipt,2018-11-27 17:11:15.709203858+00:00,61.2866068083383,True
4500001434_00001,Record Goods Receipt -> Record Invoice Receipt,2018-11-27 18:04:50.587049245+00:00,47.21628487559921,True
4500013346_00001,Create Purchase Order Item -> Change Price,2018-11-27 18:16:38.729614822+00:00,54.425600868121435,False
4500016464_00001,Create Purchase Order Item -> Record Goods Receipt,2018-11-27 18:37:57.989038771+00:00,20.94960907202735,False
4500003927_00001,Record Goods Receipt -> Record Invoice Receipt,2018-11-27 20:02:51.828892423+00:00,6.655519440253843,False
4500009672_00001,Record Invoice Receipt -> Clear Invoice,2018-11-28 02:34:08.845652916+00:00,0.40062680541321755,False
4500017979_00001,Record Goods Receipt -> Record Invoice Receipt,2018-11-28 06:40:10.243289445+00:00,70.95477133809366,True
4500002879_00001,Create Purchase Order Item -> Change Price,2018-11-28 07:32:03.800407002+00:00,24.081475057687005,False
4500012251_00001,Create Purchase Order Item -> Record Goods Receipt,2018-11-28 07:41:52.501292451+00:00,15.845060623417927,False
4500012229_00001,Create Purchase Order Item -> Record Goods Receipt,2018-11-28 08:54:13.681655383+00:00,94.30963772146931,True
4500019545_00001,Create Purchase Order Item -> Record Goods Receipt,2018-11-28 09:10:54.720818867+00:00,26.967810173473474,False
4500008807_00001,Set Payment Block -> Remove Payment Block,2018-11-28 15:25:57.949280407+00:00,54.95507007072184,True
4500003515_00001,Record Goods Receipt -> Record Invoice Receipt,2018-11-28 21:04:56.759209832+00:00,23.719909758551506,False
4500015637_00001,Set Payment Block -> Remove Payment Block,2018-11-29 01:27:49.457991900+00:00,33.3999667968902,True
4500007805_00001,Create Purchase Order Item -> Change Price,2018-11-29 07:16:43.399992870+00:00,53.05443929740899,False
4500001535_00001,Record Invoice Receipt -> Clear Invoice,2018-11-29 09:49:52.038923770+00:00,7.147063871684768,False
4500005370_00001,Create Purchase Order Item -> Record Goods Receipt,2018-11-29 14:05:52.771765215+00:00,51.816794176269745,False
4500000151_00001,Create Purchase Order Item -> Record Goods Receipt,2018-11-29 14:31:51.664340511+00:00,75.26044476434107,True
4500006334_00001,Create Purchase Order Item -> Record Goods Receipt,2018-11-29 17:21:57.351087439+00:00,302.83380792822726,True
4500019487_00001,Create Purchase Order Item -> Record Goods Receipt,2018-11-29 18:15:57.290886031+00:00,42.18758320988036,False
4500017855_00001,Record Invoice Receipt -> Clear Invoice,2018-11-30 01:06:23.029908360+00:00,0.6174221507930093,False
4500008821_00001,Record Goods Receipt -> Record Invoice Receipt,2018-11-30 14:18:13.824447609+00:00,23.94817131095293,False
4500000930_00001,Create Purchase Order Item -> Record Goods Receipt,2018-11-30 19:07:12.166315483+00:00,37.83154411396705,False
4500016208_00001,Record Invoice Receipt -> Clear Invoice,2018-11-30 21:31:18.174156652+00:00,0.2122211518530903,False
4500018272_00001,Create Purchase Order Item -> Record Goods Receipt,2018-12-01 00:06:08.833762467+00:00,85.43845596940236,True
4500017760_00001,Record Goods Receipt -> Record Invoice Receipt,2018-12-01 06:55:45.137559709+00:00,24.28174535485409,False
4500017247_00001,Record Invoice Receipt -> Clear Invoice,2018-12-01 13:18:01.734222107+00:00,0.4277944837154861,False
4500017674_00001,Create Purchase Order Item -> Record Goods Receipt,2018-12-01 15:01:48.933465843+00:00,190.65357135620448,True
4500009301_00001,Create Purchase Order Item -> Record Goods Receipt,2018-12-01 16:06:17.574292239+00:00,12.116004377459353,False
4500002035_00001,Set Payment Block -> Remove Payment Block,2018-12-02 06:04:48.615742364+00:00,8.194404116514107,False
4500002636_00001,Create Purchase Order Item -> Record Goods Receipt,2018-12-02 07:07:38.032309371+00:00,95.18462459692395,True
4500008895_00001,Record Invoice Receipt -> Set Payment Block,2018-12-02 10:28:13.956929573+00:00,85.9365272945545,True
4500010806_00001,Record Invoice Receipt -> Clear Invoice,2018-12-02 22:13:12.054992923+00:00,35.71944405746935,True
4500017280_00001,Create Purchase Order Item -> Record Goods Receipt,2018-12-03 02:25:48.260668583+00:00,192.50225205892795,True
4500006830_00001,Record Invoice Receipt -> Clear Invoice,2018-12-03 05:37:31.708193682+00:00,48.440832078830184,True
4500009030_00001,Record Goods Receipt -> Record Invoice Receipt,2018-12-03 07:55:14.871120736+00:00,11.016816299121539,False
4500008393_00001,Record Goods Receipt -> Record Invoice Receipt,2018-12-03 10:15:45.695622971+00:00,118.82304850947783,True
4500017304_00001,Create Purchase Order Item -> Record Goods Receipt,2018-12-03 11:08:12.182913587+00:00,29.375088325112085,False
4500000133_00001,Create Purchase Order Item -> Record Goods Receipt,2018-12-03 15:32:14.949276695+00:00,25.35682681287649,False
4500019710_00001,Record Invoice Receipt -> Set Payment Block,2018-12-03 23:30:34.192044402+00:00,27.284555020910485,False
4500014085_00001,Record Invoice Receipt -> Set Payment Block,2018-12-04 10:46:28.569520672+00:00,25.13456196729162,False
4500010299_00001,Record Goods Receipt -> Record Invoice Receipt,2018-12-04 21:58:29.881335190+00:00,23.82831369153714,False
4500005010_00001,Record Goods Receipt -> Record Invoice Receipt,2018-12-05 02:51:56.150603658+00:00,23.272097218811343,False
4500001389_00001,Change Price -> Record Goods Receipt,2018-12-05 05:49:14.748718135+00:00,39.078655599534514,False
4500007115_00001,Create Purchase Order Item -> Record Goods Receipt,2018-12-05 15:54:27.778684079+00:00,79.8377628605792,True
4500000508_00001,Record Goods Receipt -> Record Invoice Receipt,2018-12-06 07:18:34.145820453+00:00,29.81162120915912,False
4500003591_00001,Create Purchase Order Item -> Record Goods Receipt,2018-12-06 16:07:26.623378435+00:00,30.555893367509167,False
4500005541_00001,Create Purchase Order Item -> Record Goods Receipt,2018-12-06 16:45:36.987203507+00:00,32.59826890193388,False
4500001743_00001,Record Goods Receipt -> Record Invoice Receipt,2018-12-06 17:21:18.544907943+00:00,49.51636397976785,True
4500003326_00001,Set Payment Block -> Remove Payment Block,2018-12-06 21:38:42.026108132+00:00,15.852398654690314,True
4500006300_00001,Record Invoice Receipt -> Clear Invoice,2018-12-06 22:38:07.204108341+00:00,1.253517592586655,False
4500005872_00001,Record Goods Receipt -> Record Invoice Receipt,2018-12-07 02:02:07.998742789+00:00,35.97718532435523,False
4500015375_00001,Create Purchase Order Item -> Record Goods Receipt,2018-12-07 10:19:06.811682907+00:00,108.72831148033694,True
4500002796_00001,Record Goods Receipt -> Record Goods Receipt,2018-12-07 10:48:24.461315112+00:00,41.72880880537337,False
4500012550_00001,Remove Payment Block -> Clear Invoice,2018-12-07 12:21:47.401418241+00:00,75.02494450217394,True
4500011275_00001,Create Purchase Order Item -> Record Goods Receipt,2018-12-07 18:08:32.280584439+00:00,25.736252008849238,False
4500014681_00001,Create Purchase Order Item -> Record Goods Receipt,2018-12-07 20:25:33.557804007+00:00,62.02034548007245,True
4500004769_00001,Record Goods Receipt -> Record Goods Receipt,2018-12-08 02:06:06.482274929+00:00,133.01526495513514,True
4500002628_00001,Create Purchase Order Item -> Record Goods Receipt,2018-12-08 03:05:11.961700611+00:00,18.033567529427778,False
4500002324_00001,Record Invoice Receipt -> Clear Invoice,2018-12-08 08:11:38.228486373+00:00,3.3040111820414118,False
4500008889_00001,Create Purchase Order Item -> Record Goods Receipt,2018-12-08 17:53:45.109100627+00:00,15.359172278977791,False
4500010126_00001,Record Invoice Receipt -> Clear Invoice,2018-12-08 20:14:26.050304973+00:00,69.81501992900075,True
4500011074_00001,Record Goods Receipt -> Record Invoice Receipt,2018-12-09 00:40:09.379837404+00:00,58.71579113608257,True
4500010174_00001,Record Goods Receipt -> Record Invoice Receipt,2018-12-09 02:21:02.691090632+00:00,21.44259369806296,False
4500005230_00001,Record Invoice Receipt -> Clear Invoice,2018-12-09 04:20:42.387105972+00:00,14.863415918125094,False
4500013409_00001,Create Purchase Order Item -> Record Goods Receipt,2018-12-09 04:53:13.009667407+00:00,44.72026662228574,False
4500016634_00001,Record Goods Receipt -> Record Goods Receipt,2018-12-09 15:06:45.513024137+00:00,42.525457999437734,False
4500004628_00001,Create Purchase Order Item -> Record Goods Receipt,2018-12-09 20:37:34.583193919+00:00,54.147607711023234,False
4500018391_00001,Create Purchase Order Item -> Record Goods Receipt,2018-12-09 22:01:05.764122231+00:00,53.977584427748276,False
4500004376_00001,Record Goods Receipt -> Record Invoice Receipt,2018-12-09 22:34:16.587470637+00:00,17.43463627461382,False
4500010154_00001,Record Invoice Receipt -> Set Payment Block,2018-12-10 07:49:34.779195649+00:00,99.31912041098843,True
4500016969_00001,Create Purchase Order Item -> Record Goods Receipt,2018-12-10 10:38:34.369791531+00:00,49.236830269655854,False
4500003381_00001,Record Invoice Receipt -> Clear Invoice,2018-12-10 22:00:34.413519406+00:00,41.91726640703911,True
4500004384_00001,Record Goods Receipt -> Record Invoice Receipt,2018-12-10 23:39:16.039072783+00:00,14.264998463507107,False
4500018146_00001,Record Goods Receipt -> Record Goods Receipt,2018-12-11 06:09:14.803746893+00:00,59.744189248186466,True
4500002381_00001,Record Invoice Receipt -> Set Payment Block,2018-12-11 07:10:07.047026758+00:00,109.00951079111925,True
4500015759_00001,Create Purchase Order Item -> Record Goods Receipt,2018-12-11 19:25:46.680570543+00:00,7.327371678545926,False
4500001800_00001,Create Purchase Order Item -> Record Goods Receipt,2018-12-11 20:20:39.069433291+00:00,41.360548573772306,False
4500013923_00001,Remove Payment Block -> Clear Invoice,2018-12-11 20:29:53.854419493+00:00,12.583633709685081,False
4500017441_00001,Create Purchase Order Item -> Record Goods Receipt,2018-12-11 20:41:27.543808959+00:00,49.075743947455194,False
4500010347_00001,Record Goods Receipt -> Record Invoice Receipt,2018-12-11 21:51:15.799856573+00:00,26.347079121082153,False
4500002561_00001,Set Payment Block -> Remove Payment Block,2018-12-12 05:03:23.764742993+00:00,51.75747049007296,True
4500014745_00001,Change Price -> Record Goods Receipt,2018-12-12 05:59:43.498113291+00:00,47.109693794942686,False
4500018401_00001,Create Purchase Order Item -> Record Goods Receipt,2018-12-12 11:22:46.666549963+00:00,48.72904848897556,False
4500016358_00001,Record Goods Receipt -> Record Invoice Receipt,2018-12-12 12:57:41.797045834+00:00,46.5329442613016,True
4500010306_00001,Record Goods Receipt -> Record Invoice Receipt,2018-12-12 21:23:21.056476393+00:00,13.808589420521203,False
4500013174_00001,Record Goods Receipt -> Record Invoice Receipt,2018-12-13 00:52:58.055838375+00:00,53.8141351487764,True
4500005175_00001,Change Price -> Record Goods Receipt,2018-12-13 06:23:48.377885067+00:00,79.47281893699981,True
4500015766_00001,Record Invoice Receipt -> Clear Invoice,2018-12-13 12:52:50.304010468+00:00,17.112515605437036,False
4500000078_00001,Record Invoice Receipt -> Clear Invoice,2018-12-13 15:21:48.352677030+00:00,0.7942136308558219,False
4500012304_00001,Create Purchase Order Item -> Record Goods Receipt,2018-12-13 22:54:12.560884887+00:00,17.426988841109686,False
4500015481_00001,Record Invoice Receipt -> Clear Invoice,2018-12-14 03:33:50.052241856+00:00,28.085110688244118,False
4500014612_00001,Record Invoice Receipt -> Clear Invoice,2018-12-14 05:05:41.820545423+00:00,48.48146229510257,True
4500008524_00001,Set Payment Block -> Remove Payment Block,2018-12-14 05:27:32.614047344+00:00,6.2663705829482526,False
4500005859_00001,Create Purchase Order Item -> Record Goods Receipt,2018-12-14 05:40:06.741418979+00:00,18.96775472338155,False
4500017199_00001,Create Purchase Order Item -> Record Goods Receipt,2018-12-14 07:29:28.086966155+00:00,36.49181722131096,False
4500005278_00001,Record Invoice Receipt -> Clear Invoice,2018-12-14 08:56:31.120592082+00:00,14.377665637938415,True
4500010540_00001,Record Invoice Receipt -> Clear Invoice,2018-12-14 17:01:12.890320354+00:00,3.7030326217471643,False
4500019767_00001,Create Purchase Order Item -> Record Goods Receipt,2018-12-14 17:41:23.775800183+00:00,56.89132301630486,True
4500003715_00001,Record Invoice Receipt -> Clear Invoice,2018-12-15 00:11:46.113118911+00:00,30.36606406085088,True
4500017886_00001,Create Purchase Order Item -> Record Goods Receipt,2018-12-15 03:16:15.626723691+00:00,92.56609051777856,True
4500002375_00001,Create Purchase Order Item -> Record Goods Receipt,2018-12-15 06:05:43.251033107+00:00,66.38022620538241,True
4500019314_00001,Record Invoice Receipt -> Clear Invoice,2018-12-15 12:22:27.107778609+00:00,9.430339867357397,False
4500005295_00001,Record Goods Receipt -> Record Invoice Receipt,2018-12-16 05:51:16.878795619+00:00,15.006934490197628,False
4500007543_00001,Record Invoice Receipt -> Clear Invoice,2018-12-16 10:11:28.592509412+00:00,3.5898564809684492,False
4500019431_00001,Record Invoice Receipt -> Clear Invoice,2018-12-16 14:03:34.492406592+00:00,6.364162456079954,False
4500010061_00001,Create Purchase Order Item -> Record Goods Receipt,2018-12-16 14:18:33.760782071+00:00,37.9667749368022,False
4500008814_00001,Set Payment Block -> Remove Payment Block,2018-12-16 17:07:31.570499496+00:00,57.4470671381539,True
4500017377_00001,Create Purchase Order Item -> Record Goods Receipt,2018-12-16 23:08:40.830157427+00:00,95.51626898478719,True
4500016547_00001,Remove Payment Block -> Clear Invoice,2018-12-17 02:41:29.078531828+00:00,68.68378448502592,True
4500006718_00001,Change Price -> Record Goods Receipt,2018-12-17 11:27:33.771929477+00:00,23.852433098817986,False
4500014947_00001,Record Invoice Receipt -> Clear Invoice,2018-12-17 15:55:51.789117473+00:00,44.07578290302404,True
4500011617_00001,Record Goods Receipt -> Record Invoice Receipt,2018-12-17 20:59:01.585826610+00:00,22.65314735065837,False
4500000914_00001,Record Goods Receipt -> Record Invoice Receipt,2018-12-18 05:00:10.672613399+00:00,15.20757670561044,False
4500019779_00001,Record Goods Receipt -> Record Invoice Receipt,2018-12-18 13:27:00.540148424+00:00,10.197882896593438,False
4500017210_00001,Record Goods Receipt -> Record Invoice Receipt,2018-12-19 06:38:40.711011899+00:00,15.671178204847756,False
4500013436_00001,Record Goods Receipt -> Record Invoice Receipt,2018-12-19 18:06:18.374311406+00:00,43.85835892679655,True
4500008704_00001,Record Goods Receipt -> Record Invoice Receipt,2018-12-19 19:40:15.568348360+00:00,21.50650116847544,False
4500009455_00001,Record Invoice Receipt -> Clear Invoice,2018-12-20 12:15:29.938322361+00:00,0.05254700337972222,False
4500016950_00001,Record Goods Receipt -> Record Invoice Receipt,2018-12-21 16:08:56.332601818+00:00,25.110617766769476,False
4500017763_00001,Record Invoice Receipt -> Clear Invoice,2018-12-21 20:29:04.945107310+00:00,2.4444961949023494,False
4500012581_00001,Record Goods Receipt -> Record Invoice Receipt,2018-12-22 06:49:20.421847470+00:00,62.89481107439132,True
4500012011_00001,Record Goods Receipt -> Record Invoice Receipt,2018-12-22 09:57:57.402642899+00:00,69.86338415024733,True
4500013967_00001,Record Goods Receipt -> Record Invoice Receipt,2018-12-22 11:24:06.509088139+00:00,4.227659203449664,False
4500015817_00001,Record Invoice Receipt -> Clear Invoice,2018-12-22 17:46:32.397885426+00:00,9.599848818253566,False
4500011694_00001,Record Invoice Receipt -> Clear Invoice,2018-12-22 23:28:11.530396800+00:00,16.865642785157085,False
4500010740_00001,Record Goods Receipt -> Record Invoice Receipt,2018-12-23 04:54:56.856874835+00:00,112.69940878916766,True
4500002295_00001,Record Invoice Receipt -> Clear Invoice,2018-12-23 06:26:26.776419342+00:00,1.1367901766646413,False
4500010218_00001,Record Goods Receipt -> Record Invoice Receipt,2018-12-23 21:28:10.915812118+00:00,44.43294543248606,True
4500015893_00001,Record Invoice Receipt -> Clear Invoice,2018-12-24 10:36:58.224524375+00:00,19.549626913492233,False
4500016755_00001,Set Payment Block -> Remove Payment Block,2018-12-24 10:38:32.455422366+00:00,15.365658987494099,False
4500000723_00001,Record Invoice Receipt -> Clear Invoice,2018-12-24 19:18:55.872263058+00:00,15.008695688794168,False
4500003320_00001,Set Payment Block -> Remove Payment Block,2018-12-25 13:29:49.616013745+00:00,56.02839856792563,True
4500006169_00001,Record Invoice Receipt -> Clear Invoice,2018-12-25 14:21:54.203182916+00:00,37.410002685966205,True
4500016338_00001,Record Goods Receipt -> Record Invoice Receipt,2018-12-25 18:11:38.710935262+00:00,37.5060026949479,False
4500004775_00001,Record Invoice Receipt -> Set Payment Block,2018-12-26 04:02:53.739906378+00:00,86.0605608180002,True
4500000097_00001,Record Invoice Receipt -> Clear Invoice,2018-12-26 06:16:06.260858058+00:00,21.86724736817337,True
4500004724_00001,Record Goods Receipt -> Record Invoice Receipt,2018-12-26 12:44:43.378102730+00:00,33.41315594616847,False
4500009494_00001,Record Invoice Receipt -> Clear Invoice,2018-12-27 12:06:01.489840397+00:00,3.6720581429043517,False
4500012816_00001,Record Goods Receipt -> Record Invoice Receipt,2018-12-28 06:58:06.224218491+00:00,12.313602819727373,False
4500015473_00001,Record Invoice Receipt -> Clear Invoice,2018-12-28 12:46:14.387625504+00:00,4.925809482083149,False
4500018916_00001,Set Payment Block -> Remove Payment Block,2018-12-29 00:52:23.784191357+00:00,15.266128197105255,True
4500011107_00001,Record Invoice Receipt -> Clear Invoice,2018-12-29 07:41:32.970686220+00:00,5.133219802461887,False
4500009001_00001,Record Goods Receipt -> Record Invoice Receipt,2018-12-30 05:47:22.855811125+00:00,9.527078195196435,False
4500008357_00001,Record Goods Receipt -> Record Invoice Receipt,2018-12-30 18:43:33.192866956+00:00,33.98365659787051,False
4500018140_00001,Set Payment Block -> Remove Payment Block,2018-12-31 10:09:50.021512768+00:00,9.331461313373564,False
4500019983_00001,Record Goods Receipt -> Record Invoice Receipt,2018-12-31 13:13:24.899494525+00:00,5.170516378033612,False
4500012731_00001,Record Invoice Receipt -> Clear Invoice,2018-12-31 13:54:07.744174346+00:00,26.55405611213337,False
4500008892_00001,Record Goods Receipt -> Record Invoice Receipt,2019-01-01 02:01:15.013048609+00:00,29.724612331126494,False
4500013955_00001,Remove Payment Block -> Clear Invoice,2019-01-01 23:21:54.152126794+00:00,28.366085396580623,True
4500001214_00001,Record Invoice Receipt -> Clear Invoice,2019-01-02 15:42:18.243300284+00:00,35.76490682811051,True
4500005766_00001,Record Goods Receipt -> Record Invoice Receipt,2019-01-02 22:10:51.149583337+00:00,51.948936246205164,True
4500001787_00001,Record Invoice Receipt -> Clear Invoice,2019-01-03 02:26:39.312593773+00:00,1.018063015234676,False
4500016627_00001,Record Invoice Receipt -> Clear Invoice,2019-01-03 17:53:18.443659554+00:00,6.74370568727728,False
4500011210_00001,Record Invoice Receipt -> Clear Invoice,2019-01-03 18:44:34.304112774+00:00,4.237970668785057,False
4500015618_00001,Record Invoice Receipt -> Clear Invoice,2019-01-04 03:06:05.301673131+00:00,10.74463199170367,False
4500008398_00001,Remove Payment Block -> Clear Invoice,2019-01-04 11:47:39.124520883+00:00,25.44827145236719,True
4500018151_00001,Set Payment Block -> Remove Payment Block,2019-01-04 15:36:54.914151901+00:00,29.022309694943484,True
4500000818_00001,Record Invoice Receipt -> Clear Invoice,2019-01-05 20:20:38.929151970+00:00,7.614172292372731,False
4500001283_00001,Remove Payment Block -> Clear Invoice,2019-01-06 11:34:50.206668792+00:00,19.60185636752661,True
4500015383_00001,Record Invoice Receipt -> Clear Invoice,2019-01-07 07:05:06.877084518+00:00,13.493458404425265,False
4500009905_00001,Record Goods Receipt -> Record Invoice Receipt,2019-01-08 09:06:22.431069523+00:00,55.04320325174097,True
4500014931_00001,Record Goods Receipt -> Record Invoice Receipt,2019-01-08 18:35:28.243754462+00:00,18.007024515824583,False
4500002829_00001,Record Invoice Receipt -> Clear Invoice,2019-01-08 18:47:15.609836277+00:00,9.671504705663068,False
4500010461_00001,Record Invoice Receipt -> Clear Invoice,2019-01-09 02:46:56.463138903+00:00,0.41098607855399305,False
4500014156_00001,Record Invoice Receipt -> Clear Invoice,2019-01-09 05:38:44.589632868+00:00,18.14226661196346,False
4500007325_00001,Record Goods Receipt -> Record Invoice Receipt,2019-01-09 07:29:35.492319376+00:00,34.37782477784176,True
4500006977_00001,Record Invoice Receipt -> Clear Invoice,2019-01-09 08:25:08.112306160+00:00,0.6679535120413194,False
4500005171_00001,Record Invoice Receipt -> Clear Invoice,2019-01-09 16:02:49.566804089+00:00,27.66155938229972,False
4500004786_00001,Record Invoice Receipt -> Clear Invoice,2019-01-10 19:40:57.536260843+00:00,2.325632911906551,False
4500000123_00001,Record Invoice Receipt -> Clear Invoice,2019-01-11 03:23:47.987276018+00:00,5.986878048451933,False
4500014482_00001,Set Payment Block -> Remove Payment Block,2019-01-11 12:33:14.938445574+00:00,19.017823259083855,True
4500009720_00001,Record Invoice Receipt -> Clear Invoice,2019-01-13 05:16:56.585952816+00:00,6.133559469083935,False
4500002810_00001,Record Invoice Receipt -> Clear Invoice,2019-01-13 07:06:32.291053294+00:00,0.17277089753761574,False
4500013105_00001,Record Invoice Receipt -> Clear Invoice,2019-01-18 09:24:40.307968694+00:00,8.78679791185934,False
4500018812_00001,Set Payment Block -> Remove Payment Block,2019-01-21 10:36:41.953722074+00:00,40.85052360363552,True
4500016031_00001,Record Invoice Receipt -> Clear Invoice,2019-01-22 08:47:22.871609400+00:00,8.142901474920231,False
4500007959_00001,Record Invoice Receipt -> Clear Invoice,2019-01-26 07:01:28.971219389+00:00,3.7430463343243865,False
4500019187_00001,Remove Payment Block -> Clear Invoice,2019-01-28 18:35:15.441561119+00:00,23.071605987617303,True
4500015834_00001,Remove Payment Block -> Clear Invoice,2019-02-03 19:58:04.831621820+00:00,2.817900732524734,False
4500009371_00001,Set Payment Block -> Remove Payment Block,2019-02-05 11:57:33.861573794+00:00,176.38902455735854,True
4500019188_00001,Remove Payment Block -> Clear Invoice,2019-02-19 19:09:24.558436335+00:00,17.17534379372514,True
